timestamp,accX,accY,accZ,gravX,gravY,gravZ,baro,gyrX,gyrY,gyrZ
2026-03-26T22:53:11.525267,2.2551112275225984,-2.920489206598303,-6.874978754845621,-0.0029997503943848007,-0.016445343557743058,-0.9904094581122419,1013.2504450992506,-32.41930684770183,34.305951815951246,-2.734361706410947
2026-03-26T22:53:11.545211,1.2147150853115758,1.651741437360482,-7.661028925248368,-0.004689533316123878,0.009339230521108199,-1.0123879814584864,1013.2484354027151,92.9797543721315,-21.13189481481904,38.27792844065227
2026-03-26T22:53:11.565470,2.6105386009085687,-0.7367193214112463,-14.04926740827521,0.010784537733065244,-0.0010024635524071316,-1.003877128963247,1013.2517072089058,-20.682883525251302,24.77896299714021,55.67643950315027
2026-03-26T22:53:11.586080,-0.5779078129587467,-0.17111004535802948,-9.558855323378886,0.010639386290371632,-0.01681430216436122,-1.004424177545462,1013.2493771643577,27.621934694643592,-17.775796052378656,5.549681339377596
2026-03-26T22:53:11.605986,-0.33119116820004113,0.048567848780102146,-9.584136683640532,-0.011265797537497525,-0.0060162760467841695,-1.0014226760885496,1013.2392527269167,-17.288922251818796,50.92185440563036,-46.7723657364333
2026-03-26T22:53:11.625892,1.468475102749495,-3.114694002928554,-10.516903884517275,0.024756235816907227,-0.012608988043622352,-1.0135304311921582,1013.2275928313204,85.84402343315514,-61.77935117208289,-79.268032666388
2026-03-26T22:53:11.646524,1.3657646146430902,2.086340296188381,-4.448889010426035,0.007594421863918441,0.009334640651692028,-1.0051230930373343,1013.2436922407506,-9.838446844116167,-92.0600597185398,-32.827398967168435
2026-03-26T22:53:11.666831,2.547341575819787,-0.25722726867783136,-6.515101993513044,-0.006522390094685079,-0.003368928038641794,-0.9888022091809465,1013.2511916222078,14.329870648033179,2.5785589309278003,36.255472315149554
2026-03-26T22:53:11.686643,-0.2544676387442125,0.6593702562281532,-6.006665943392701,0.018770415068493414,-0.016625711702468907,-1.0051475627132829,1013.2614454309,-0.953050751162437,-56.8738249086608,33.70673080610652
2026-03-26T22:53:11.706860,-1.330558248987756,-1.3542920497431872,-7.383142462338712,-0.018524056220126615,0.00030584732376848196,-1.0159009590846975,1013.2286274397895,4.69547886507752,-51.39876446588303,35.20514839599635
2026-03-26T22:53:11.726675,1.0073833647206858,0.7816062529014987,-5.7998252100189305,0.007523121518949362,-0.007185731917477478,-1.0036474027929998,1013.2528775848141,-3.2849148045362253,12.2736654230104,-17.491354130785243
2026-03-26T22:53:11.746489,0.6609323695035895,0.5467889481640534,-11.851016560989459,0.009791613839914028,0.00279964200109282,-1.0180157875689386,1013.246724729856,-51.37298819139696,59.04836308484164,19.672960819201077
2026-03-26T22:53:11.766585,0.27344247344504796,-0.8254425228782193,-8.280595701049407,-0.005078802907769634,-0.005437870584725498,-0.9869504391310457,1013.2431757316374,-32.55439288045361,60.06317786505178,54.149349581628485
2026-03-26T22:53:11.785820,-2.6803137731740474,0.2023031519882537,-10.78900429653082,-0.0008922468759498302,-0.02292394655845104,-1.0147959521628975,1013.2581047555557,-53.79347533131432,-11.214148799858178,20.23564766615921
2026-03-26T22:53:11.805130,1.8017707617331649,1.175750310562528,-12.50412603266988,-0.016183347605816707,0.0016882341831831263,-1.0138250372196627,1013.2552395606602,-30.60709458645947,-18.42994691672086,-90.08740627335068
2026-03-26T22:53:11.824905,-1.240295400953823,-2.260163817644154,-12.823293735645443,0.0022779867730380312,0.008290116950396028,-1.0109705635511457,1013.2520758560161,-47.255539358448566,39.85379358880188,-27.914517058463293
2026-03-26T22:53:11.844500,1.1958514003717335,-1.8127183499489337,-7.383545289591603,0.004267695546260898,-0.011861538663208842,-1.0016500511753463,1013.2402747408428,-33.971175127434414,-19.309901835001074,21.23779912404506
2026-03-26T22:53:11.864626,-4.764509316705258,-2.746089920572518,-7.96245582274692,0.007531575644347177,-0.0012270137182991455,-0.998678873628341,1013.2546604882165,41.51325129675325,-36.42106156127892,-9.748454468932087
2026-03-26T22:53:11.884263,-0.6686645648024298,1.0544592891260987,-2.3148187307725103,0.014094298360062242,-0.015896910234207536,-1.008825162252933,1013.2700677264671,-9.082054410074422,-56.28582386782275,16.09622351705773
2026-03-26T22:53:11.903698,1.3236778499560375,-1.5398014519115024,-8.665483174394264,0.010207564332792957,-0.0074867510690487474,-0.9903771569580465,1013.2448945535614,39.92649212241739,47.28067357077615,-2.6505175070628946
2026-03-26T22:53:11.924284,-2.7437544606828097,1.5974452276786608,-10.582616531561639,0.022574630679262922,-0.010933125963442595,-0.9955604584805564,1013.2716488841331,50.773886699015186,19.666420889153365,-48.932390618660214
2026-03-26T22:53:11.944194,-0.6157771446186313,0.21809628206103876,-11.919962770935019,0.025980001330468492,0.008535000460290487,-1.0075610509268078,1013.2553830771111,67.73123376674904,5.7870555770507766,-108.14058138518871
2026-03-26T22:53:11.964221,1.6103261030643126,1.6803725241002891,-8.95998556969365,0.01048198618849385,0.0010429926494297586,-1.003587092146431,1013.2382696391662,-13.54346247528999,-1.6483582935803414,0.7826733355741818
2026-03-26T22:53:11.983651,2.5078390547068863,-1.0273176441472502,-7.348531166330665,0.01827343381910896,0.0037234613073184094,-0.9845172730372124,1013.2349702432318,-37.99686050851761,27.836040858950167,-20.661295410899747
2026-03-26T22:53:12.003433,-0.3575280695491022,0.1253436594150222,-10.917071695351018,0.014513311971968262,-0.026753628033051386,-1.017441157831913,1013.259058954558,-63.1570474036287,-32.72276304153061,15.651335039671611
2026-03-26T22:53:12.023477,-1.4982407222769056,-0.41943563924258,-14.01783761581779,0.012031004731588652,0.014066644109511577,-0.9959485684971529,1013.2713757288811,-4.314251904751247,44.467570349115256,27.40788754304988
2026-03-26T22:53:12.043017,2.939803534064757,-0.031157344239564105,-7.687456172280931,0.010744089594601266,0.017898430331775593,-1.0018283444144502,1013.2696915647532,59.01872421058291,-7.755432853170575,8.709461344044886
2026-03-26T22:53:12.063167,-0.9435632319286598,0.23995195225543864,-6.340824992467737,0.013096556199680413,-0.011550074096749841,-0.9784644847869723,1013.2234758986842,-24.34673351258574,-40.33911289058613,10.12797057913178
2026-03-26T22:53:12.082927,-3.090656294401915,2.3936252005179197,-9.497813577896316,0.011156169645141092,0.006229406617331528,-1.002593879045988,1013.2544229292587,57.21163229870472,-10.430843670680229,-35.22726303805727
2026-03-26T22:53:12.102810,-1.2480652637787986,-2.75807639383718,-5.824760358338603,0.011774323369037656,-0.006992423135857875,-0.985193649472924,1013.2765125907575,-20.19248966648776,-24.34619958620454,-70.63845736177826
2026-03-26T22:53:12.122570,0.8401238571249539,-0.08705444078853346,-14.914120305654253,0.0003999512158492542,0.0033100774415015786,-0.9907817028505879,1013.2534620305347,-32.40814989327331,7.4574639753232415,-31.50223460789285
2026-03-26T22:53:12.143310,4.389343726788758,1.1531055157607455,-9.81373861537253,0.01986552444807727,0.012968703522656598,-1.012171073051868,1013.2470465232431,43.56446082553823,94.56684402001804,-57.52481347362341
2026-03-26T22:53:12.163305,-0.08229239163159748,-0.9795731072192287,-15.957125543742247,-0.01204750088400258,0.004798769782632953,-0.9962730535715647,1013.2570396884379,14.903503709548367,58.18515946312972,-23.619622135879915
2026-03-26T22:53:12.182882,-1.5287891838821595,-1.1378490706429716,-10.989674763640412,-0.005823444097393174,0.009682856628950083,-1.0038721712443908,1013.2498297608738,15.262362289823066,-52.519203063757004,-15.86773953259073
2026-03-26T22:53:12.203211,-1.342779049554841,-1.4649966711968752,-4.413617004240745,-0.0017212777831594438,0.025982825493159844,-1.0084598642212577,1013.253475867073,22.075540476818524,-37.49306017832625,44.25096434755542
2026-03-26T22:53:12.222723,0.6714723897596082,-0.8150545245706972,-4.359029751240615,0.014898964938277276,0.004409314562863117,-1.0073873403785762,1013.2549646768225,-50.80480708520969,61.41272904156839,-4.462352652145763
2026-03-26T22:53:12.242806,-5.418519641049162,-1.0778552830613302,-12.581578497811206,0.018641240454911927,-0.0026201296261995355,-0.9912975898842029,1013.2610316758811,-50.17790349893595,-8.619163903618837,15.415046676163897
2026-03-26T22:53:12.262022,0.24491959388575651,1.40693675761778,-7.478481689605204,0.009774472253215628,-0.0057222327889222,-0.9962822716053519,1013.2422577422885,1.184978088941773,-35.91840018966822,-26.125379065887895
2026-03-26T22:53:12.281491,-0.10537325957696589,0.026296907377945742,-9.379239358266808,0.006969874324365409,0.003846855182022042,-0.9927963416795731,1013.2400903172238,-20.66343591578908,-37.02548416060323,-70.22664436448805
2026-03-26T22:53:12.301570,0.930171516676235,0.7831851121558778,-13.047224089577403,0.015633158170358513,-0.010303599376025152,-1.0023132835784998,1013.2381733857803,39.86183741569776,45.08519039472982,-45.19016404298341
2026-03-26T22:53:12.321865,-2.802312711838822,-0.37119889651675425,-13.296604034871281,0.02041679099142604,-0.0029688659440876303,-1.0221604782500044,1013.2461876554482,-16.564675991781645,1.294485420982329,58.492067434186964
2026-03-26T22:53:12.341934,0.5663780651174676,-2.942300931777194,-8.424274795567323,0.019804828201474015,0.012492860732095669,-0.9856140739970343,1013.2634553415638,41.90762846444657,-3.2431298189330215,69.78776047977202
2026-03-26T22:53:12.361887,-4.9879623343715105,-0.7463370672378579,-6.215455403443905,0.015891776096559222,0.012340660335691301,-0.9966130972517266,1013.2773299742639,-32.33318294245814,-8.937198679162197,-41.773265698785146
2026-03-26T22:53:12.381767,-1.363470323413329,0.9241160932592406,-8.278369579433722,0.026581904027564423,-0.007223096288419304,-0.9984780167818039,1013.2351655263684,32.44854802286048,13.28713098455583,117.43187971761618
2026-03-26T22:53:12.401176,-2.9879088382805956,-1.5006567453673292,-12.574002869899283,-0.006953879360634614,0.002468866942602491,-1.0156078684239884,1013.2479045976336,-38.21329132795483,20.748704099639177,-20.223170513410686
2026-03-26T22:53:12.420888,0.7286527812834895,-2.9102612147543034,-16.962651857476516,0.014895908627243534,0.00010295534833372564,-1.00259757849759,1013.2529818747774,13.830852608713997,19.694477498238967,82.59090183754559
2026-03-26T22:53:12.440703,3.3321386537959645,-3.1840057354345377,-8.567111289764556,0.013921377471599406,0.0069449581959123334,-0.9969717420484436,1013.2411854736037,85.39323381827447,11.291350332876116,66.05498067786885
2026-03-26T22:53:12.461126,-2.3383932756574204,-1.6438904883328445,-7.341570623508923,0.004088777219346183,0.009137005429744287,-1.0221274533917006,1013.2481750231216,34.85122388874975,12.977844070715754,32.99427299172321
2026-03-26T22:53:12.481264,-0.5331396603777362,1.0283440728297804,-11.071220723123291,0.017851371241202063,0.015115011270224726,-0.999291437385147,1013.260962083643,39.02559531959249,-45.281056180084,-43.925640977136446
2026-03-26T22:53:12.500559,-1.2152495719551268,-0.29895239506754184,-5.610205921548574,0.0065626489757329536,0.008792252200359046,-0.9909828188480575,1013.2691240821352,61.50412270438677,62.89896889778773,-11.270326597802292
2026-03-26T22:53:12.520688,3.3446980897508896,-1.2948980257906846,-10.187806204566886,-0.0028889355856557214,0.003355384625153668,-1.0234055866927647,1013.2311046974216,-36.46248486000513,27.81742449370791,-15.005975239319786
2026-03-26T22:53:12.540534,-4.214222035032778,-2.1341551683489826,-9.272906329311146,0.007425975376257747,-0.002573018962010957,-1.0083003272850997,1013.2425360702514,-78.61574264471916,-59.24450358957458,-0.057911823959348185
2026-03-26T22:53:12.560263,1.113415253239795,1.1259415430447979,-11.601206524067932,0.024395363863969045,0.027554923421699788,-1.008626743508472,1013.244166851075,-59.84664066488773,-0.49297812990045115,-6.865625969739634
2026-03-26T22:53:12.580508,0.21762242304137278,0.5810743080893604,-13.339462653752378,0.010995099115849533,0.0026841655639490434,-1.0114464446924687,1013.2468466784246,37.08758229955955,-70.82853081023654,-23.082423223033327
2026-03-26T22:53:12.600920,-1.7015379431354232,3.664849691780465,-8.498453877204307,-0.0012587481822604078,0.00425781191979767,-0.9812271420878913,1013.2358265107654,3.640873575315347,19.029763259885613,101.25145592634145
2026-03-26T22:53:12.621293,-3.4515058654627406,0.036668899745868795,-4.729025587761452,-0.002904119778492772,0.0038267671079675247,-0.9995794179285162,1013.2642216538377,6.012375163823072,-11.723744184948535,-24.677775504745874
2026-03-26T22:53:12.640957,0.5138672536223177,-0.013107489077627692,-6.717776036891536,5.929838188022292e-05,0.02936405113569522,-0.9805724006505541,1013.2309218670571,43.72981359491949,-32.25329449473016,-21.03268543262305
2026-03-26T22:53:12.660834,-0.9104313019558449,-2.017405392948691,-12.506520357367698,0.012561488240144015,0.016542898923035735,-1.0134146014277274,1013.2263606438705,21.977869574417607,-29.366591069873046,-11.983645588454614
2026-03-26T22:53:12.680966,-0.3780786511749119,0.2748150831102582,-12.254984179013736,0.0061313303523481645,0.013517949760757689,-1.0071830566056528,1013.2493323297786,-59.10420096748379,72.19672644264345,-25.268878468797027
2026-03-26T22:53:12.701356,0.8997162656188756,-1.0569638770341043,-11.426156449379112,0.014680472572406652,0.05004744725193017,-1.0123255224611365,1013.2286797738763,-28.87064320745888,-45.047014783065855,-1.5876266474353904
2026-03-26T22:53:12.721165,-0.9310519195136532,-0.5467067847970274,-8.947338539868255,0.01392433656766667,0.013836835807705328,-0.9956774467056146,1013.237451976904,-46.62154746260696,-14.32770991257482,-34.3131878101593
2026-03-26T22:53:12.741090,2.3285994951444273,1.6076285443568465,-13.667106021256853,-0.017013967072968747,0.02348150266387814,-1.0068061582926244,1013.250351004095,-43.59308435665952,102.39547696382368,70.09878995911181
2026-03-26T22:53:12.760648,-1.4322244525349528,-3.044270230227562,-13.773478933825178,0.01121222330722939,0.0013108461444583377,-0.995610131939558,1013.2347168932735,0.7858478949418387,-45.266397106764416,-2.6406483517620503
2026-03-26T22:53:12.780169,-0.016635141926412758,1.3231166169165902,-8.36673215723443,-0.0012489194731558143,0.01527046754852118,-0.9974808749187171,1013.2313331726392,57.828786397728834,-18.402914238713976,-17.128927713117093
2026-03-26T22:53:12.800494,1.9238373742184123,-2.6860324947183183,-6.5584312197987495,0.004860883683560091,0.016415530764213114,-0.986935354834346,1013.2614013489175,-73.57376981459585,35.91402712908652,-14.664428819459173
2026-03-26T22:53:12.821037,-1.3333584287174842,-1.4919701955878752,-15.070648059405233,-0.006645986150258116,0.02098810348812108,-1.0145844181133652,1013.2523343680429,3.7488526250108936,72.2354764030725,106.71074353042857
2026-03-26T22:53:12.841008,-0.6801426547823525,0.29737866636408733,-8.195173050464014,0.01930727106995997,0.012674191533500617,-0.9949244359176506,1013.2632863821245,-23.167297469408645,-3.109412896613717,-2.321748197850086
2026-03-26T22:53:12.861409,2.3320782832378364,2.0285462239747094,-9.733674417817893,-0.001088451174209172,0.014626153200687714,-0.9807194884323488,1013.221629875923,12.80239038297774,40.075669711888594,62.44455461986008
2026-03-26T22:53:12.881554,-1.339388050916183,-1.876440611577676,-11.472699971054814,0.0007873417427280514,0.026862729216055932,-1.0025769059844307,1013.2500480773314,-56.126717970170844,83.61663913737966,-0.8582482777059177
2026-03-26T22:53:12.901296,2.1516705421981284,-0.9411447151799843,-10.700168653931417,0.023069896658711547,0.024157999517339344,-0.990287726697053,1013.2569119391745,30.713846544583788,-21.111867326965342,-0.16978272609015782
2026-03-26T22:53:12.921441,-0.46317535043794233,1.0664197524667038,-7.475648470154491,0.026039016156332657,-0.006626522732401188,-0.9926249666651942,1013.2725989524482,64.26824640977168,54.135099009943,53.884477423724846
2026-03-26T22:53:12.942056,1.4692233947714353,-0.4584138167034516,-8.591833810031288,0.020760238964880943,0.009846577623989262,-0.9910672001487955,1013.2517856142368,-1.466185888229531,-34.166199226570825,51.65042436287719
2026-03-26T22:53:12.962042,0.07064311354199142,1.7113504894088878,-8.608119135456812,0.039989360338407505,-0.0045881556106982455,-1.005309528233327,1013.2558085037875,12.341389489629535,-45.12775614631557,-46.25017276993975
2026-03-26T22:53:12.982667,-1.959186059396854,2.4138496023831566,-6.135231478199403,0.0017128782494634266,0.006303922848426785,-0.9948053942258751,1013.239245797573,-62.928803203133434,-37.32005155393178,-91.40823827417975
2026-03-26T22:53:13.001619,-3.0391396665697172,1.2024284803058352,-11.471770671383661,0.025261240945439415,0.007110417421321571,-0.9951738961737345,1013.2337010222502,0.41066975564363406,-3.7286428750318517,-50.85778674707006
2026-03-26T22:53:13.021948,0.6540838475464159,0.21967208972316607,-14.98428623766138,0.028733183151570533,0.015941572081341913,-0.9892465055476187,1013.2613151721258,-10.894670613871194,-1.1071313965602527,78.13293420673712
2026-03-26T22:53:13.041983,0.23979857085569914,0.3594887317751544,-12.623998690736471,0.035099042171853036,0.017384434632742227,-1.0068531123765236,1013.2198130540131,-15.460595874073158,-8.242093917380313,64.20855630490475
2026-03-26T22:53:13.061863,2.366374977167645,1.1022763592801683,-6.044075277259165,0.029363870958476444,-0.00020183590063005408,-1.0135290212423635,1013.2486902372356,31.936394607343416,82.38692098632819,22.322893539736885
2026-03-26T22:53:13.081900,-1.2970664407470183,-0.4592617935804406,-16.121890397107297,0.022153425204200286,0.021639722601638302,-1.007576066147332,1013.2640300838084,5.432042884438118,-75.44755851620091,2.092887087253653
2026-03-26T22:53:13.101105,2.389586265803058,1.0170057132836872,-14.956523785058735,0.013678420186256226,0.0251284426470488,-1.0143999165518718,1013.2299572149618,108.34238314706752,-2.561849103971355,-35.13091242907334
2026-03-26T22:53:13.121017,-0.5891675621078627,0.9545743225100864,-10.97098843752743,0.015636727290862337,0.009176945838835267,-0.9987598323896442,1013.2563833380841,-77.48185134247673,-5.984927780188672,-94.73652299047484
2026-03-26T22:53:13.141160,-1.8911222281278321,1.5975440636036469,-11.108802681979313,0.007373519809952546,0.009402600789634763,-0.9866817110248918,1013.26139876422,70.04674759380842,-14.609426384225191,-33.67763568859714
2026-03-26T22:53:13.161751,-0.08360066454329723,2.0185839186678103,-15.610920011307762,0.014295689670076482,-0.0010552395032831438,-1.0045773208157913,1013.2707518717768,0.8537726098513966,24.989459382478252,7.684281630674763
2026-03-26T22:53:13.181544,0.2043616994500662,-0.5804200036491054,-8.260048628471633,0.017972914437638314,0.008728767187222892,-0.993845618903209,1013.2714131064101,-26.158613007594784,-24.467487221428854,-21.180516649645902
2026-03-26T22:53:13.201221,-3.356632618640969,0.4705051547776411,-8.381265847325373,-0.013534909752103298,0.015108603166010034,-0.9994206809069571,1013.240064115454,23.525202488408265,-106.10136119766497,54.61217006091455
2026-03-26T22:53:13.221020,1.3265868524541664,-0.5721535126217107,-16.022424984224866,0.023183445768283028,0.01812403998181834,-1.0085764305004745,1013.245097356197,46.64074253428516,-31.03559266431148,-34.22110103246913
2026-03-26T22:53:13.241386,-2.673026901666136,-1.1072693526192665,-10.15596330179506,0.02025901290868932,0.007029982303758041,-0.994336646675431,1013.251735226721,75.83453572426146,-4.590252487329771,43.3707025561308
2026-03-26T22:53:13.261518,1.2139078855777252,2.0683253649765176,-8.728575039892702,0.013101686270225068,0.00533701833439721,-1.0014928347405987,1013.2403057594425,47.39882256353963,-38.63027432455587,-16.628701664020163
2026-03-26T22:53:13.281306,-1.8554318834557786,0.0716749822013329,-7.747382046065925,0.021165280116659732,0.006288915072791543,-0.9924910807257943,1013.2208078679548,-82.71154029084681,84.82978340595308,-11.352007375937497
2026-03-26T22:53:13.301511,1.9898542358788924,1.1282759003846725,-8.915042593582218,0.020270537524397378,0.013168885691928223,-1.0005618986464608,1013.2290089727163,17.906980084951343,-4.207554223606041,71.00062921641063
2026-03-26T22:53:13.321550,-1.6801716926167833,-2.608740986179453,-9.337781796584679,0.018099247747960543,0.01375652359008499,-0.9916417926724651,1013.2685306545005,11.137281110864137,59.56778527840468,-50.83146331823052
2026-03-26T22:53:13.341937,-0.8067389825033782,0.027552276755814856,-8.117831990223989,0.04054578441342228,0.0071902747549115985,-1.0127069278873926,1013.225135737168,-23.751409202411036,62.18441993643716,-44.580093446323964
2026-03-26T22:53:13.361656,6.242345855499835,-0.012732443404467973,-13.172290518745223,0.029851030765194568,-0.007129355018795351,-1.001742892133366,1013.2611708804022,-2.38376700542054,-2.050022573379342,6.4295370126666995
2026-03-26T22:53:13.381525,1.4609518972154192,-0.9364983135187092,-5.950628426888982,0.008358808679700928,0.03350224670925384,-0.9972348034081611,1013.236296181601,-10.372450092652121,11.096114827728007,-37.31930009024385
2026-03-26T22:53:13.401368,-1.2794863677138137,1.0541315380128153,-11.69689022275596,0.0258009803949714,0.010763709350267651,-1.0082437079771676,1013.229196462544,-4.816221701251969,0.5839524348535488,-76.69087090069337
2026-03-26T22:53:13.420783,1.9399153424967397,1.085206629120723,-4.350022596062047,0.018640720030755616,0.006418085467357799,-0.9892209610181977,1013.2880618242664,-3.4304975570610754,25.937553574634233,-23.360764816224716
2026-03-26T22:53:13.440902,2.7247858506383476,-0.21424218471409587,-11.77910597899498,0.03233063021644582,0.017314976902517473,-0.9959082043152577,1013.2387755901015,34.83315457430116,3.1212822611925244,7.316872441173073
2026-03-26T22:53:13.461006,-0.44644371367755986,2.1609877631541043,-11.921323734966498,-0.004912629538292667,0.018865856236621754,-0.9907389551191876,1013.2628525659808,-42.3070165416561,-2.706444457143949,-3.3024124589687203
2026-03-26T22:53:13.481008,-0.07361907946710737,1.880768563945839,-12.97816712733222,0.006292617284390508,0.027942138227808062,-0.9801305271308562,1013.2510828947527,42.88138447465145,41.886618822396386,34.549199009318635
2026-03-26T22:53:13.500914,-1.9515204802207449,0.1892818509950692,-11.065279960629466,-0.0170338366568126,0.007980054983688119,-1.0060772689337285,1013.2681520709746,-33.106122120195955,-42.35773862236355,-28.60301304483271
2026-03-26T22:53:13.520348,0.6836761012373422,0.6907538938087254,-18.94232942661029,0.007955751289023686,0.010251198034434979,-1.0043422776901083,1013.2367580360863,40.73669789782937,57.457544233889614,-41.973460310947104
2026-03-26T22:53:13.540180,-3.8876849674880782,-1.6701626393823765,-5.190571465663369,0.010560063736151062,0.007996761657169088,-0.9975262558057978,1013.2242166850856,-37.24680324359587,49.732657963558374,14.251143180297882
2026-03-26T22:53:13.560043,0.4957273881836718,0.7189965869237622,-7.684862823906573,0.022216265554556663,0.01478338455813665,-1.0043014598199227,1013.2442642301271,46.99917793680735,16.32668725368739,-54.983242160633445
2026-03-26T22:53:13.579722,2.7964137486322542,0.37040816294001405,-8.903318280684733,0.04323373939824076,0.023297114821037218,-0.9760830003066543,1013.2695421186104,-1.6128357235818958,-69.52255172974597,0.7611801005825666
2026-03-26T22:53:13.599657,-1.8127776639547546,-0.6695938348181505,-12.86040597955798,0.005659653184227211,0.020333878187713247,-0.9912846853290067,1013.2726870937846,-33.03926699355574,-51.52667321136262,-35.97475866597395
2026-03-26T22:53:13.619819,2.3644140441358057,1.9737781976009638,-7.214703504626689,0.001540047025750061,0.02255680502779792,-1.004744778512072,1013.2805615998057,12.095254134220147,-9.266786030195906,-47.63936629350446
2026-03-26T22:53:13.640573,-1.1040389974028284,1.5642656266426833,-7.514012423282946,0.0030183029008806483,0.0251207535903405,-0.9891771445096514,1013.2438401218726,68.97891249664471,-18.78170914249753,-51.40377443188152
2026-03-26T22:53:13.660643,-3.812159771548625,0.7129591525662694,-3.888547460873606,0.012435222823091603,0.02010494725978856,-1.0036902519435311,1013.2573915139363,18.424286937122694,24.362482353365586,22.92501821171367
2026-03-26T22:53:13.680746,-1.5848789020265965,-0.36600766271356616,-8.863173407029123,0.023009831622085593,0.022297863392968544,-1.0028647323951503,1013.2639468724664,-12.790475004723017,12.578005447999507,17.574117752651226
2026-03-26T22:53:13.700716,-0.6830492599841095,0.07385343030371092,-15.31337956119499,0.023356499122957817,0.020757574688488045,-1.0128227576971625,1013.2719453560982,55.41260726754373,5.700301428404231,15.2581108564003
2026-03-26T22:53:13.719949,-0.36114348864627976,-1.1513632945496959,-4.809064040042836,0.0014660401379871695,0.02484577552666564,-1.0008859445099882,1013.2691750741408,-15.154867481120608,27.98337909736387,-75.013610038723
2026-03-26T22:53:13.739938,0.8073538545825432,3.439869685246157,-15.09479678443123,0.017774353563125116,0.019940455648920934,-1.0020632491496844,1013.247770334041,31.161179007141868,-36.45946960829762,-0.8056203705303199
2026-03-26T22:53:13.759962,2.065101832779843,-2.6852637603122824,-8.185680923326467,0.004347344767354023,0.017494423323525625,-1.0111495862819726,1013.228147581564,-13.171835099500342,-46.841984899015266,8.09118502439709
2026-03-26T22:53:13.780948,-1.8414501575855358,-0.6696975552126166,-8.923355740113442,0.008480226181586153,0.0033417692431366164,-0.9952002315994579,1013.2609789322476,-31.01476188271592,-2.3150814256970476,-60.578642123548384
2026-03-26T22:53:13.800871,1.5842121316863043,-2.6641642932646366,-5.297087238676133,0.026031411794341267,0.04568825080830381,-0.9988953504000684,1013.2477119005442,30.935071836935347,-19.35988744357211,49.46613256731247
2026-03-26T22:53:13.820991,2.0514952088605702,-1.5768843403544612,-12.956242783140949,0.004673999526266254,0.02420689793282419,-1.0104014772083953,1013.2313224790707,-36.49695944648859,30.37037559617388,-24.69923564367796
2026-03-26T22:53:13.840977,-2.29437826783315,3.174734924362254,-12.388087406463807,0.0039826830279901995,0.020040116218218797,-1.0115520202280637,1013.2608759009871,-13.032169314761061,-14.708072358715592,-16.874073656752806
2026-03-26T22:53:13.860510,2.5580623077000624,-0.13497419848900505,-4.615295413567727,0.01635658069159447,0.017401430081007415,-1.0121317961359706,1013.2462697197575,-89.93760253845178,7.7684666423954365,76.72070378854697
2026-03-26T22:53:13.880967,-0.6152371646801326,-0.49902101466505466,-11.68853583845385,0.005579206075470835,0.024873646236699125,-1.0053170236451037,1013.2637108425979,49.029709933968675,18.379146324765422,9.989205451248505
2026-03-26T22:53:13.901268,0.013059146144180696,-1.580844135860006,-11.307241992100797,0.003805915853040995,0.01285871058414138,-1.0057932226133584,1013.2489014727382,-20.76812366419276,84.93156063435106,-110.9853895855016
2026-03-26T22:53:13.921584,0.2095315434898229,-0.9944509164356885,-16.531632363017323,0.02255823064393591,0.022891781474402927,-0.9922168756608669,1013.2441244604464,8.088704458234583,-31.070393700953442,-32.050799137859265
2026-03-26T22:53:13.941221,-0.9205253914225574,-1.759471691258485,-8.40082390979969,0.024817627029093764,0.04490697635479076,-0.997583198887903,1013.2616730624014,71.1797549756966,-9.951288624546395,-95.21474280944359
2026-03-26T22:53:13.961782,0.9108137479352352,-0.10271260470138806,-12.178991002294616,0.019038872251495483,0.005247049778546405,-0.9979702209062465,1013.2208938618985,40.49712067856749,-16.19128244738823,-59.46331392401207
2026-03-26T22:53:13.981221,-0.8720143060977041,-0.7865727332821103,-13.033649669949778,0.02154480898667553,0.02684946978392891,-0.9988664137277448,1013.246984832171,-17.402753715649624,-84.86903867405486,-29.4923310928385
2026-03-26T22:53:14.001456,2.706843588776292,1.5935385326466383,-8.39441204907955,0.01652826684633272,0.02093457729785517,-0.9917687758109955,1013.2768585491777,0.316807914777672,-39.28931012665183,29.53795493088545
2026-03-26T22:53:14.022332,-2.3000002693012305,1.2883073625835497,-9.01328501833595,0.01840180631758618,0.038802341885518565,-1.014950795667493,1013.2484723087056,52.38606345804508,-0.6913232710851966,-34.783838046889336
2026-03-26T22:53:14.041936,1.7546517090923894,0.5504366390413281,-14.969562537744315,0.0006899851076177903,0.007285634788602561,-0.9899747943750195,1013.2429333981856,-14.491613500757987,-49.0672969075332,47.00629322687483
2026-03-26T22:53:14.061709,2.976390071708424,-1.0964469519946822,-14.00297637854502,0.003420973424297624,0.018847772640754733,-1.0061275222055457,1013.2302687959403,-86.26678968508372,-1.3097981559530854,-22.535549371196105
2026-03-26T22:53:14.081749,2.7377457073688594,0.999788465228119,-12.273344163699406,0.026445391557237033,0.031057256299376543,-0.9998788913638859,1013.2542618925987,-41.72685760570493,32.654229467778364,15.784365555350726
2026-03-26T22:53:14.101548,-0.1947606955807166,2.176271113637759,-11.787377341499091,0.005719895308917583,0.028204534792129626,-1.007209564736057,1013.2555497931837,-63.06868435209483,-42.15799044647942,39.71993656617878
2026-03-26T22:53:14.120927,-1.6890328890035147,0.4643346359029281,-11.998274525735704,0.01344206390862162,0.012885678137382825,-0.994876286289074,1013.2510092496858,-36.059586346108844,-25.548476943079667,-15.045497842319241
2026-03-26T22:53:14.140955,-0.7739371687922425,2.2637956608901373,-13.044559002733285,0.016901501788800895,-0.01887499134756255,-1.0078085069326101,1013.2576646261164,6.352477372120478,59.73688243687898,-52.56674128119076
2026-03-26T22:53:14.160530,-1.4544725133167777,4.088071724495115,-7.27072539753454,0.008113239068665663,0.014909217487164925,-1.0077017574569105,1013.257692366621,43.917254239860945,19.59657801882474,-64.30199480990754
2026-03-26T22:53:14.180719,1.4180877674611008,2.783762574910811,-11.05889017897949,0.025858237424435784,0.011120391223707666,-0.9900390961321364,1013.2243553153833,-44.05232639074609,-14.546434074168635,57.375370901357556
2026-03-26T22:53:14.200351,0.025915321456702674,1.4236003697300261,-11.462695088386823,-0.007086899332775766,0.01829260134292386,-1.0041820694457408,1013.2359088825161,-75.06589743838383,81.71074124686409,-39.946123486545815
2026-03-26T22:53:14.220971,0.9755198302624065,1.631313754493753,-10.805895837357168,0.02525378757199851,0.011006918118116799,-1.0004225323832152,1013.239215216758,60.64564608402837,-85.5082415849786,30.342799407246943
2026-03-26T22:53:14.240658,1.3353098837046877,1.3466786363165704,-7.879926730436319,0.027110125811678678,0.01428209761725354,-1.006556716004601,1013.2512023056686,-41.331279751982066,-19.43242032727659,-0.19976861906464377
2026-03-26T22:53:14.260529,-0.5702262947752672,-1.2504197752048911,-12.032821591377047,0.021984126940893023,-0.003684888576088615,-0.9964162350147466,1013.2386971701007,-8.736717156051954,-144.0984673196584,-28.073205579652118
2026-03-26T22:53:14.280855,3.0943648788731886,1.4990409095954056,-7.097345350445271,0.017211555339644777,0.00470321770251716,-1.0019991255449918,1013.2489064870433,-20.142751571795024,21.68404601939612,-9.394100998210657
2026-03-26T22:53:14.300362,-0.31047746504380674,0.9351550287851254,-5.4368327853057306,0.015730820182594397,0.006819941673661104,-0.9849204927089078,1013.2646216252024,41.11305214628342,-56.40136229441779,17.764861613566044
2026-03-26T22:53:14.320453,1.9994520486017897,-1.1344328614755603,-10.702403027959553,0.02098988485746881,0.0007643562217794306,-1.0064267115316545,1013.2387099094033,62.871432135959175,-1.9489932506950127,-29.088234338743078
2026-03-26T22:53:14.340976,0.6762251446422248,1.95774914113606,-7.801243789553133,0.014997197610205262,-0.0006992100021527697,-1.0023254670787909,1013.2333522456858,-28.71925293440591,47.102586977482,-12.007749060697467
2026-03-26T22:53:14.360333,0.03495912105437352,2.464464739443829,-14.097984640999698,0.012030284039871851,0.023104089937612097,-0.9982150097538488,1013.2543980345855,-51.5890812868909,-64.65554837468713,14.886573390442893
2026-03-26T22:53:14.380407,0.013669519356166757,0.18536907868871125,-14.8189929594438,0.028440248513813868,0.011584749207967713,-1.003915034767371,1013.261141419019,108.24775885342193,20.76897209260496,8.360720173413137
2026-03-26T22:53:14.400511,1.2097880018778897,0.5876009789452098,-12.233501515045168,0.018271176989816645,0.011206596142846175,-1.0061704049399238,1013.2728061132623,56.58520901052992,11.727327012319234,29.140357787504776
2026-03-26T22:53:14.420824,-1.4383534947814782,0.09070694766149481,-9.427799261731067,0.010125206334015934,0.015699072219298917,-0.9917721570699131,1013.2324692197457,-38.4166627132842,92.70879154608699,-56.356703669576575
2026-03-26T22:53:14.440329,1.2262454030569367,2.2117557072596137,-9.89538297622715,0.024160567151969372,0.018479729423575324,-1.0101345609047867,1013.2694516450442,103.78044246178267,-68.94977328021446,27.688097217702687
2026-03-26T22:53:14.459801,0.9006455684347215,1.2335367419482366,-7.997110706362366,0.016238751755420666,0.008446251723992191,-1.0028225633205845,1013.2378663997326,41.45852612109163,-40.758785120751234,-9.165092816307947
2026-03-26T22:53:14.480010,5.225987016647604,0.30002235227849877,-9.626003511013696,0.005522993869106032,0.019968262396493137,-0.9988279482188404,1013.2688968658995,4.101799249590742,-25.508615350930892,-2.3633050749493187
2026-03-26T22:53:14.500128,-0.888855118424919,0.12150520564185638,-6.2247430269982775,0.008831021610456595,0.0037326935236516937,-1.0091532004372004,1013.2244878051685,-53.77239474464648,-12.787028788159112,5.703981183043601
2026-03-26T22:53:14.520229,0.3948320587753344,-0.23120605528396215,-11.471680422104017,-0.0013061997596063597,0.003848147350043775,-1.0078783118480168,1013.2231651480602,16.971688447122105,68.93199261790103,65.50822767699697
2026-03-26T22:53:14.540367,-0.7861746432497613,0.18683731137960552,-9.35109501754018,0.013099409383344479,0.010408199631500123,-0.9983473076824477,1013.2555339711226,-23.294305725689348,-35.84202180255409,-18.00837940325451
2026-03-26T22:53:14.560095,0.5777364832682206,1.4553344723814219,-6.308041637580356,0.018081848944505954,0.022376254187543777,-1.0047729680505086,1013.2347875543588,-2.498360280359925,-8.831711094767856,7.596284601182322
2026-03-26T22:53:14.580188,-0.5306502757567854,0.33690818322478744,-12.277631872598509,0.012475266146527535,0.02027678604500537,-0.993394351427477,1013.2466206343257,28.009003167959015,-3.1096806470053955,-11.086282792646358
2026-03-26T22:53:14.600305,-0.7813769492947505,2.398954326261631,-5.407538056066298,0.011730870552998254,0.00847679794797644,-0.99325825089294,1013.2471601190481,-35.801468498972106,2.803075144077411,-26.067835410011714
2026-03-26T22:53:14.620020,1.093052610957337,-1.4907437400950467,-12.36817403517803,0.032598407070983486,0.00772298730900969,-0.9962603698144262,1013.260241641011,-48.361211586752034,-35.43270821977667,-114.04655500824138
2026-03-26T22:53:14.640766,-1.2748453656882828,-0.677688241128291,-12.855262479295648,0.03276550869841373,0.01307549397871164,-1.0140207221527981,1013.2629628765537,34.28930326460424,32.422987806525015,-46.26557906463596
2026-03-26T22:53:14.660955,-1.793137303062797,4.247009766553985,-10.865158609745837,0.028212426623544392,0.031631370450393964,-0.9711846360432278,1013.2580857087545,-23.82535009732713,13.10429510191471,-23.322749322024613
2026-03-26T22:53:14.680479,-0.10365156933314737,0.22293246953257126,-8.377610108474633,0.0003254065914817441,0.009204319321721468,-0.9869855008760167,1013.2480909028121,46.69057054959421,-66.17403395276536,23.35236810228524
2026-03-26T22:53:14.700741,-2.014867039170412,-2.893100445701538,-11.451414542576506,0.01416484323153249,0.019793574325187947,-1.0118214879782226,1013.2448412410627,53.082742117012934,-4.787737025503067,-53.62804921969242
2026-03-26T22:53:14.720352,-2.337234861820714,1.6796919528172969,-10.016839431473182,0.0011890313029760593,-0.002030888800835148,-0.9959401983460655,1013.2638868194088,3.2806194689387373,-11.098867876088407,30.869336312801842
2026-03-26T22:53:14.740666,1.0941325543076295,-0.4965709822666515,-9.796313306900974,0.018968542189753378,0.013011343245338387,-1.0019718144311553,1013.2591682376719,-11.120154107039149,-18.2683056767649,-27.594014939534404
2026-03-26T22:53:14.761130,2.5876413996065097,-0.46710438805783305,-8.000534101901895,0.03459435456593335,0.016927858718365822,-1.0123211423416396,1013.2298973767565,-36.38631861521535,5.697515781143837,12.513106946152645
2026-03-26T22:53:14.780802,2.729087386221357,-0.2743541880564781,-7.254646566946277,0.026713461493354823,0.019507849535310307,-1.0015153458280959,1013.2479101029214,-88.88338436011011,96.78361571217364,59.75763135342929
2026-03-26T22:53:14.801187,0.8981575158583317,0.6276945218356274,-12.628406163958967,0.0021100548464769754,0.010844599932143994,-1.0141692087592051,1013.2523258598341,44.71086487636985,32.25887288669306,38.96016481877498
2026-03-26T22:53:14.821352,-2.770889608273002,2.03839517315123,-3.5056978504681577,0.011289909332247003,0.018755317922124228,-1.0023396302528846,1013.2464995175685,-1.7884943513038676,86.41749488884987,3.5703654028869956
2026-03-26T22:53:14.841681,1.479321255129343,-0.8277275581840844,-11.18477808744745,0.017029132520265795,0.02483354857189568,-1.0074933513260467,1013.2692118959105,41.05988506154097,-15.137452001432296,-16.27065338961586
2026-03-26T22:53:14.862440,-1.0126490661863534,0.1309522387663004,-8.840795964932871,0.039923182652282264,0.019045842288550573,-1.0061814816778443,1013.2264979537788,-39.67411835859795,28.98770568309045,3.331437445943428
2026-03-26T22:53:14.882341,3.7871499534519604,0.3683565982112886,-12.326252816249621,0.011865045839099465,0.009962580873402304,-1.0003922098655673,1013.2609552782686,8.676758433263686,-14.00670808861061,12.906553903689357
2026-03-26T22:53:14.902040,1.8243062370575756,-1.0507609808523355,-3.1734953609367604,0.03360636397621629,0.016436453255665322,-0.9832397988902087,1013.2834264754656,12.934923402393531,-33.310566468096106,66.03274323483843
2026-03-26T22:53:14.921684,1.437102435402897,1.926836866312819,-8.091959569224217,0.0209798622015006,0.009958161851797579,-1.0013842114531821,1013.2677366135404,3.9122524692062095,60.01937924209873,-12.576377265943949
2026-03-26T22:53:14.941358,-0.10361792274965217,-0.5561753672654125,-5.768235597236517,0.019930866794129636,0.020613595721863318,-1.0007424663400126,1013.266953567263,-29.483864988937842,-29.513996299693652,84.78098875030233
2026-03-26T22:53:14.961327,-1.8936316895866627,-4.697728093342046,-10.214184097387058,0.0009039214993885845,0.010624173009728136,-1.01768092410369,1013.2535427566193,-45.845035279538955,2.481681038308448,-65.05238566024073
2026-03-26T22:53:14.981463,1.5795134778283002,-0.4804705641923195,-3.846919268169237,0.01940660176808149,0.028179055015418265,-0.9855223415261847,1013.2861229852516,-62.26557321945916,-56.054913101505356,-3.4078999833996866
2026-03-26T22:53:15.001574,1.900998330788957,1.4394213878422557,-7.435927493579826,0.02317063494216873,0.01217477365627793,-1.01400354660305,1013.2535838178255,-25.328478625011357,-28.178258894066865,-51.77042723060275
2026-03-26T22:53:15.021905,-0.9692381004700987,-0.7972888811487179,-8.403892808259586,0.01245895277139396,0.0011560114462624248,-1.003882665502552,1013.2374662861093,3.0070120523592627,-11.436253418000533,7.2690872015374515
2026-03-26T22:53:15.041910,2.0009436981974553,-1.3113663842554828,-9.53257594705357,0.02338253730787565,0.011470427988044572,-1.0147314703380326,1013.2469149514274,46.41064795143172,37.1254056242622,1.331043328045444
2026-03-26T22:53:15.062492,-1.5809160060364393,-3.0977927399831624,-9.340119964953285,0.030169883992365698,0.014443781027627093,-1.0059398632314862,1013.2723794995264,-3.4891887685819416,45.56188869119092,14.325652236715632
2026-03-26T22:53:15.082386,1.563661574267501,-2.1765779978324833,-9.095970741498444,0.01289633432791734,0.0176009754620556,-1.0050723913938004,1013.2445647024451,-79.55480067923094,-10.584687009665808,17.56395001106335
2026-03-26T22:53:15.103474,-0.9709486374992405,0.07468796423456418,-1.8905550154486792,0.0061121334528236385,0.01872569715018585,-1.0008438753992428,1013.2548904680922,45.97134127676955,46.60878699978694,17.389606623870637
2026-03-26T22:53:15.123724,-3.741781035403457,-1.724381393000052,-15.74336269451032,-0.004839632299336507,0.0019167404012184726,-1.004585007852054,1013.2586283585676,-1.694665353248958,32.854052293457855,44.22847091707257
2026-03-26T22:53:15.143381,-2.5304694401827343,-1.3218718935029468,-10.28071074585056,0.010031967488442315,-0.009779212317496148,-1.0173297645012964,1013.2525777863337,-40.715980644705596,13.652802151978163,-9.317165254331767
2026-03-26T22:53:15.162953,-0.020433700891754475,-0.4891967545195069,-7.145579396322024,0.03345008938895402,-0.0038980256572157534,-0.9955386296995055,1013.256650727306,35.00831041615736,-37.74995961356324,-7.305859183769227
2026-03-26T22:53:15.183146,3.6718572889493153,-2.284220596843538,-10.168239563681292,0.021501144688285016,0.01265872410528135,-0.9968712759074227,1013.2576406042168,-36.493726181505,24.268776479817387,-64.7097205100475
2026-03-26T22:53:15.203056,-0.9244139519860075,1.6381359307724555,-9.875883810531302,0.015259704210722067,0.000915124024803207,-1.0141984387482537,1013.2440770935495,24.957874160885375,66.6909227058688,10.52144037059662
2026-03-26T22:53:15.223342,-3.0346524793313105,1.4016076581560741,-10.958115977386498,0.028813552748542744,0.007989289035841438,-1.0046625466372163,1013.241043389115,7.1329309644377,-41.33244154675059,17.387834825368337
2026-03-26T22:53:15.243531,-0.03927953105510114,-2.6400030120694202,-0.821397376799995,0.020325124945976155,0.023608210494835614,-0.9917460212801065,1013.250781980982,69.68794162387654,29.00323138079976,-30.189754950921447
2026-03-26T22:53:15.263502,-1.5635091000451797,-0.6936697337002928,-6.436724996068745,0.015488591912432374,0.029035035861226476,-0.9970216047366446,1013.2487097004938,63.840623242299124,61.21156199973897,30.20612443984536
2026-03-26T22:53:15.283164,0.2848674897292115,0.09260207828823724,-13.779131522656604,-0.014432763594229337,0.016842827061630997,-0.9997603659606734,1013.2667107328343,22.12596143395112,25.38648461293842,27.213134323313675
2026-03-26T22:53:15.302558,0.1867010777725254,0.17293746642706048,-6.805074022306339,0.022471371346143597,0.00992884543157966,-1.0004749463616824,1013.2537196479736,25.57814678186601,83.1955744483276,88.17965288817635
2026-03-26T22:53:15.322379,-1.597970845335945,-0.5859750506564639,-11.140202287047684,-0.02321770318885382,0.02771543060791639,-1.0051712256595646,1013.2576853905315,24.321414630574818,-62.287547237155536,-43.17342686339181
2026-03-26T22:53:15.342722,-1.9516925044312587,-0.747652840004303,-9.080584031292869,0.023431812770192566,0.0229615249277665,-1.0075854745465576,1013.2325612870845,59.26778896369748,-81.82443008987777,-8.903987595971266
2026-03-26T22:53:15.362807,0.9048654907657366,1.3940348291937632,-11.239262953887208,0.003916946090355953,0.027047208522685794,-0.9941938142731335,1013.2635917258369,-17.459604563969407,87.49263663190612,-9.93261983248502
2026-03-26T22:53:15.382309,-1.1521245392406987,1.5967147175546479,-7.435307528598979,0.018069845153856217,0.0016213300672721746,-1.02008203143571,1013.2381042378883,36.401699936309,-39.3967846337714,64.57702742873393
2026-03-26T22:53:15.402378,2.6833822315686686,-1.0446245890408792,-13.849391260373027,0.018924144584940232,0.021820827137000957,-1.0013572757456375,1013.262738516889,0.6405585559107507,-15.897736985146645,135.0485035913908
2026-03-26T22:53:15.422532,-2.0449058329741896,0.18453574616020754,-5.51833554278948,0.015849430903107878,0.012276381547577975,-1.018343144418387,1013.2566364123686,44.70266532829016,9.25096347972417,-12.972738369384727
2026-03-26T22:53:15.442179,-0.1676950612958643,-3.3126869943059685,-10.386431747839813,0.01176464934165823,0.03818515434399998,-1.0015276349668787,1013.2645078778571,33.30308151261602,-42.620342263686275,-30.090615085819763
2026-03-26T22:53:15.462240,-0.7709092860261,-1.6747739999191276,-8.665569181600647,0.004829503511689585,0.031241352497640876,-1.0049158667049602,1013.2696647801052,98.23056715075407,31.347710667644865,-34.633968839771946
2026-03-26T22:53:15.482264,-5.880015061307887,-1.495125286489873,-6.966092756136633,0.016588396548914024,0.035925492657184026,-0.9914920143760012,1013.2240501543292,5.921704057147469,-40.87627669851843,-25.401083089484658
2026-03-26T22:53:15.501806,4.386956934740332,1.3347234937846746,-6.716649545681629,0.020263813471077773,0.04484499906971434,-0.99146842982158,1013.2681464800344,78.83345181223099,15.187206080938878,-7.550639304239199
2026-03-26T22:53:15.521949,3.214072935782984,0.8431227472061344,-2.2029929582949284,0.03526870347643508,0.017313275763029427,-1.0067562219117094,1013.2486939514794,21.39186659320527,58.334494652088246,-2.882890214585465
2026-03-26T22:53:15.542174,1.72894839353457,0.8758156851587034,-2.261352730988882,0.013419155081952572,0.0502030651147382,-0.9970576735425939,1013.2452895138956,46.11968967334718,36.91886732038447,-6.590753304117943
2026-03-26T22:53:15.562607,5.467568046719074,0.077676224346898,-0.4732184474463567,0.001829058832170355,0.01214385096275019,-0.9813608867168847,1013.2508229624569,46.67956110767939,15.239788792395272,11.043074132842692
2026-03-26T22:53:15.583028,4.074385100902749,1.0432555874958938,-3.0223008673669653,0.019521255254650843,0.0351145313557936,-0.99798326222078,1013.2501414312023,30.496092943637905,-6.956072275715253,12.884443099787019
2026-03-26T22:53:15.602477,1.0110181745645435,-1.977792302449386,-3.1339136153272906,0.021029523547278047,0.02156303302411616,-0.9737250858465979,1013.2719846919819,42.39298390306082,26.41428228511605,21.58098969649157
2026-03-26T22:53:15.622102,4.161397033441215,2.205070960828587,-1.8874119524909527,0.004538638734019818,0.018623192081701948,-0.9952273891341574,1013.2438455400338,48.784192822864874,2.2926171764850896,-1.3803897784953039
2026-03-26T22:53:15.642308,2.3515446801736464,0.8890754783401291,-3.0954668598081203,0.024553327793027605,0.027137185003344798,-1.012772596342435,1013.2562900717403,61.279930807374306,27.75444475085231,42.42794842373014
2026-03-26T22:53:15.662514,-0.6553942919761516,-0.17279632633303305,-4.2102280387770135,0.012827582497959605,0.01488919588040269,-0.9970754491176401,1013.2562234438467,22.61684920432105,1.5349522131734292,26.096666392076663
2026-03-26T22:53:15.682720,4.8699878116813515,0.1339341239201507,-6.715444214268737,0.014685960426371528,0.026669270391705663,-0.998701629947787,1013.2339750827435,82.49110545661439,27.517713742745872,-1.8790331383295493
2026-03-26T22:53:15.704261,2.486761002615777,-0.8274806948373855,-2.0071255857943795,0.017239843712276444,0.023514335790372258,-0.9838655657357062,1013.2522250227017,68.40798933393874,23.48837773164577,23.44419566064733
2026-03-26T22:53:15.724489,2.752475641533253,1.3628720216970807,-8.528535489284728,0.016065873616895054,0.033939842217567684,-0.9934041190534035,1013.2521899195283,90.94848316115532,-13.990369260810816,-2.6195792819365793
2026-03-26T22:53:15.744944,3.39828288832521,-0.5676282887202229,-3.208711328012428,0.014430574103890086,0.03277454338840748,-1.0101940788989223,1013.245166224152,48.610592584294665,22.010250037867916,-1.067329064554774
2026-03-26T22:53:15.765325,1.70367464390948,0.623892740328124,-3.86419516121191,0.01916484159421266,0.032129228071639426,-1.0055925355733029,1013.2448355737841,66.52173790418128,2.0228296726200212,-25.67049399991111
2026-03-26T22:53:15.785586,4.118436595884706,-0.27763740077570426,-3.498236854538653,0.007593204356000147,0.022339679358635216,-1.0059845524477522,1013.2605030157931,53.06739354810253,24.039331000264404,9.429561073807953
2026-03-26T22:53:15.805460,1.0398059311168832,0.1991815417759782,-5.501072039913704,0.008251238229043388,0.033628751707053456,-1.0020412168560224,1013.2578427044316,63.22280289645728,64.34822694214866,-5.812344523504079
2026-03-26T22:53:15.825763,2.069135261328957,-1.0914552656230738,-2.333941462953644,-0.00242465565730836,0.023663826559518895,-1.0085597507775157,1013.2767133612152,70.0507892706475,20.62270462619982,-7.377486463869996
2026-03-26T22:53:15.845454,1.348541739169198,0.9983276350149826,-4.561104364922982,0.008138579507111963,-0.00010941995633798052,-0.995062341118327,1013.2443944494257,61.97508993290209,48.18087110741653,-14.27090610539608
2026-03-26T22:53:15.865359,2.1130472154891726,0.4881301484357186,-4.952906845417135,0.013342659260099485,0.03589071247934198,-1.0062739463483956,1013.2326809988358,52.938791426250766,-10.88116078980435,54.18726396178181
2026-03-26T22:53:15.885165,1.0172458328132095,1.992398187212589,-2.284368874016074,0.009856869390279084,0.01858764545412484,-0.9806087733037617,1013.2420574020067,58.200885769863326,0.47744360944409386,21.334377647953527
2026-03-26T22:53:15.905198,2.1718007741952636,-0.979568366477544,-2.3159912024444007,0.025046692226341014,0.010743141151844023,-1.0008457327236135,1013.2688854743019,60.564391222341825,44.35050951832056,-25.69766590044447
2026-03-26T22:53:15.926124,2.609960843200694,-1.3641654958620557,-4.4098359308896145,0.03532703334342575,0.01679279275237809,-0.9807686710598412,1013.2618398053283,70.8362528564328,3.425748780617709,-2.1053699791283997
2026-03-26T22:53:15.945377,3.723654196147353,-0.42345865835945756,-3.335188426801751,0.006899467659590204,0.026032998905352687,-0.9973943352515536,1013.2698821218233,31.334948695450446,45.95970374510545,-2.7974583897336913
2026-03-26T22:53:15.965651,1.4802094177981953,-1.7363844941347546,-5.9095202691730515,0.003873832384146172,0.025555676732580905,-1.0046533559012987,1013.2462764154932,43.40011351136104,24.429934151283078,30.091076735090418
2026-03-26T22:53:15.985006,5.07855193618724,1.274619688396874,-2.3781506014535863,-0.0031593005711598905,0.004707057453351102,-0.9950002655563404,1013.2626674828214,62.64697038825712,54.143912173317126,16.524310912782703
2026-03-26T22:53:16.004818,2.9893356548197767,0.06826801224294966,0.05529119712647335,-0.0015452799010411053,0.005581818273177884,-1.0066527264598049,1013.2483134592406,51.502169979631475,43.757699408979214,1.1739666914288922
2026-03-26T22:53:16.025253,3.0143098213743835,0.9500867232695506,-3.4342526635505153,-0.010399979200610419,0.012529739630605451,-0.9945269275997666,1013.2704470821359,42.81470615239827,63.156545959702385,7.976383679275866
2026-03-26T22:53:16.045279,3.3154046988766863,-2.346421814467512,-3.7599166755927205,-0.000786856250460149,0.0293730149799716,-0.9904664774241043,1013.227181412129,74.4845176437858,30.75408883849044,18.768210752251917
2026-03-26T22:53:16.064848,4.824422957508596,-0.1357269928103713,-2.985076281418819,-0.005058493388953136,0.028179936804117647,-0.9956042269828909,1013.2594933076962,50.17677015633387,0.46200434228502263,-35.265035215840854
2026-03-26T22:53:16.084562,3.947403106608354,-0.2566306655696257,-2.6823241393854578,0.0006215015120604015,0.016075200188598107,-1.0159433888740417,1013.249900518529,87.12014994374388,-22.63291071801602,-4.125922816004548
2026-03-26T22:53:16.104833,3.2073584429430464,-0.08669525103339903,-4.192569819494735,0.009816225806916386,0.005343362648784246,-0.9803945577461601,1013.2582357221651,41.12056796353115,41.148796432617395,-11.520297715302
2026-03-26T22:53:16.124541,3.63238067879527,0.6222320976767269,-1.519890038095833,-0.008666373969871927,0.014314207000754767,-0.9738879942603531,1013.2415359970655,21.41555952758469,55.23016486188143,-40.324064211681105
2026-03-26T22:53:16.144628,2.7536507332830316,-0.0032134523877967707,-5.751397306325362,-0.009291108742608287,0.025898078155715275,-0.9976001258389463,1013.2768481407691,19.892557377146492,34.71967412191562,23.74855314934472
2026-03-26T22:53:16.164646,4.78891175897608,1.0302608618988134,-3.37233225387734,-0.012981440114499653,0.024014621583358268,-1.002678171291959,1013.2428273046336,43.05475714373466,39.40760436228633,22.810689859041794
2026-03-26T22:53:16.184385,4.722601572145929,-1.1045528399412499,-6.1299975577498325,-0.015632817620578922,0.013593973864014182,-0.9847072959204554,1013.2438658429251,75.33547053930234,-2.511950895910959,20.052232732291124
2026-03-26T22:53:16.205243,3.280751667214249,0.26032896061895006,-7.734601864809889,0.012837850113785843,0.011952415442921447,-0.9883676196269948,1013.236242679234,5.783978708688226,15.789960372918154,14.799429685855085
2026-03-26T22:53:16.225497,2.796473697997527,0.7876249222373675,-6.141638626721402,-0.01670399966503084,0.023020602549026006,-0.9942030396236317,1013.2550286706575,42.70982277558434,53.16206103897407,11.227140976600646
2026-03-26T22:53:16.244687,5.498903368372146,-0.3175601419554812,-2.0733083645004924,0.015050012481289786,0.0032767322331124227,-0.9918544751335872,1013.2651251176451,30.19313357780003,6.464525008889188,17.572234911745113
2026-03-26T22:53:16.264761,4.793619696423578,-0.33477911502004326,-1.9873048138611982,0.004063150191955887,0.034445550629302775,-1.0004731436618468,1013.2290892580771,53.97453174124964,29.129851464714875,18.32558770613489
2026-03-26T22:53:16.284496,4.249696959349141,0.8795456147812882,-3.137117824719705,-0.013243502373492973,0.015276430506365249,-1.0167692351342885,1013.2553789765637,27.406423229693132,47.82382640727196,50.591687449381894
2026-03-26T22:53:16.304837,2.8236764657493443,-0.02581035713745076,-1.9797698116024103,0.004320539920532877,0.015154246048890745,-0.9946097078550358,1013.2354793050642,96.745830662159,-7.7675818714355085,7.749056778561856
2026-03-26T22:53:16.324520,3.9605642470013236,1.7536012511181187,-2.464191751840387,0.013962605993841271,0.006020032739500525,-1.0143593149013805,1013.2400861770128,53.93433241794344,28.391728563915844,38.112463075097054
2026-03-26T22:53:16.344474,2.51030125476959,1.1164888277604457,-2.6591663704711497,-0.004893645657481569,0.010739248272896676,-1.011554991790951,1013.2412034416669,62.74087653811811,23.13260452112841,20.270386673513645
2026-03-26T22:53:16.364676,3.484174029842573,-0.13011915442124178,-4.5473280963290525,-0.005185686266341806,0.01723257866208747,-0.9971054121177967,1013.2497274617435,113.0081128195502,38.359516810091655,18.04854371552226
2026-03-26T22:53:16.385023,0.18310052471519733,-1.561019764430643,-5.065838203340038,-0.003900745732474587,0.010979761644583474,-0.9969960271530073,1013.2310030232982,53.98496279511924,15.453282725238447,39.36659574189487
2026-03-26T22:53:16.404543,4.331447951755737,2.0593252354942195,-5.179765822122662,-0.009563420947846214,0.023132975588522994,-0.9986552462358032,1013.2485958638288,47.85485299146432,14.77781712263278,-29.26673043474223
2026-03-26T22:53:16.424409,2.441061896569994,-0.648143289343977,-1.2528419697337656,0.005361831942736794,0.01366134005588254,-0.9937691442460793,1013.2751906383162,39.91074124406906,26.114785386992114,13.083699244984675
2026-03-26T22:53:16.444219,3.872935582108764,-0.05601626182447718,-4.701365440804201,0.006471049649623856,-0.00439846829765269,-1.011833685561353,1013.2649753414938,70.16915155770349,23.9807286520956,10.869461882268942
2026-03-26T22:53:16.463958,3.9905511914469374,1.4422447349938858,-6.546261267414851,-0.009816246037340992,0.025845546752165174,-1.0078104642961674,1013.2507184583368,43.0044003751464,43.08448303843991,32.95443133833072
2026-03-26T22:53:16.484664,1.2583624131410895,-1.195827431079235,-3.3414212332443265,-0.012932620125050382,0.02118573656153065,-0.9880813179864522,1013.2426524584212,62.472081525273424,14.262084797527791,23.40228744131579
2026-03-26T22:53:16.504826,2.5918906780743742,-1.149897904236623,-7.423221913180792,-0.030518261410446626,0.008010304929588347,-0.9992487377243674,1013.2711334641272,39.61775817793041,38.18546613262863,34.94000157415539
2026-03-26T22:53:16.524321,0.13282503674494367,0.0895903879352792,-0.7874288945285184,-0.019905818261122272,-8.233825346617464e-05,-0.9948990466788816,1013.2615396148046,-21.777894902311893,-0.5255476517693616,11.999974751418467
2026-03-26T22:53:16.544689,0.1442297508261454,0.07241235201617768,0.043611097805924016,-0.009235525121672897,0.014944738116770037,-0.9990266184302151,1013.2505640123965,-6.7898846931439,2.2305569539970693,11.933981550529165
2026-03-26T22:53:16.565537,-0.12231715730163048,0.18675115810927068,-0.5285184249035166,-0.008572762715416186,0.02507666412682863,-0.9972038506270239,1013.224315725277,-27.109593803840813,8.59568372795333,12.727982493686605
2026-03-26T22:53:16.585950,0.1965386927232252,0.15126166562789553,0.009699889104422762,-0.019271974690146725,0.007888953019103737,-1.0046501859593553,1013.2483872478167,-13.736299626866288,-33.53941177812251,35.315121628800696
2026-03-26T22:53:16.605343,-0.049707275132475554,0.09657761834926082,-0.2795408006440866,-0.02292100868141186,0.023382631756917526,-1.000445519955069,1013.2462301738984,-8.70306365379563,3.2503025045747895,-12.666197804679939
2026-03-26T22:53:16.625149,-0.39233911845304903,-0.01972336335548041,-0.24801000096455822,0.001783425364279348,0.007596631984258114,-1.0163936884710418,1013.2055882845996,5.087878470402649,3.531008447120726,-40.24959596777485
2026-03-26T22:53:16.645656,-0.3240177435152752,0.10487081883062427,0.5266139689988151,-0.015476042038311969,0.018246024541927072,-1.003945534218738,1013.208817857249,6.843170345766472,-20.961740442110802,0.9416545148475977
2026-03-26T22:53:16.665373,-0.05302879002971048,0.10318585974113581,-0.11535755346360667,-0.009274369455370786,0.018999172074633346,-1.0173191437996192,1013.216215436321,-6.990663858325193,-30.381740496906655,13.993315572046276
2026-03-26T22:53:16.685550,-0.07067225641750456,0.3584466949359157,0.18938820027170525,-0.04218317850640537,0.010516749923920293,-0.9898746508623939,1013.218545367433,8.362982623801187,-2.978772410122065,-1.8856838482773366
2026-03-26T22:53:16.705860,-0.20825536662041352,-0.21423305835276502,0.8358441107729985,-0.02478179064823249,0.0171799801925949,-1.0090510719707952,1013.2283785050173,13.146218281291247,7.835335523538615,-26.62705776082485
2026-03-26T22:53:16.725489,0.039338361286867664,-0.07454717239503199,-0.2877986891843217,-0.02285702074803418,0.011632318883626883,-1.0094858714359742,1013.22594354129,18.261551848738137,-38.206351341095186,13.949419279386143
2026-03-26T22:53:16.745465,0.06349201380298913,-0.02023912075370451,0.1923370531204417,-0.028636193432815624,0.0011052011874138866,-1.0019900960476276,1013.2246537289096,43.97115581679634,-12.455862819088859,-43.06242167230518
2026-03-26T22:53:16.764169,-0.01840288380296168,-0.21425322363917626,0.27529143847158394,-0.00336173173707751,0.014547888486796147,-1.0106171419496872,1013.2109732109132,-33.89255251287147,-7.275344530885177,-25.27897222200291
2026-03-26T22:53:16.783759,-0.19032492464903,0.13455095683600835,-7.792020800708246e-05,-0.021930837219885084,0.012347630643655827,-0.999553651994349,1013.203426463885,-24.827479938839137,56.26172283830157,11.746268812168758
2026-03-26T22:53:16.803658,0.0762042543834158,-0.1883327438187857,-0.038677704801681624,-0.005657496070067993,0.025450365903727762,-1.001232534860221,1013.2107246068271,-5.067782198667324,4.844440331466716,8.167118942563766
2026-03-26T22:53:16.823159,-0.10155372035219164,-0.04614954681452507,0.44111329480966494,-0.018804925965784862,-0.0063096154713418,-1.0091435098255597,1013.1944988064248,-29.153228617289393,-8.721345501722404,23.683415765354486
2026-03-26T22:53:16.843812,-0.03745467395845942,0.1440079295903921,-0.5968298038036713,-0.01636312867715782,0.003712106878946353,-0.997199283367841,1013.2178643017153,-9.159192706049934,7.6260728573032655,13.192320155288343
2026-03-26T22:53:16.863240,0.27369352425421317,0.17367916094268462,-0.3441923599226917,-0.023501948955712473,0.018676390843999087,-1.0063907676677324,1013.1888031806275,7.592397340444747,-1.0486418274013682,15.489560625198106
2026-03-26T22:53:16.883064,0.17316361447237524,-0.03511117543049346,0.688204569344935,-0.02277822485315551,0.019940463005114425,-1.000773499336427,1013.1820926666172,-17.03412802422282,-15.129243214092872,37.95507678175846
2026-03-26T22:53:16.903116,-0.35430189216512453,0.0061396641671252845,0.06293005210782326,-0.003011497304666235,0.015047850190169635,-1.0013467692614426,1013.1973602056147,29.11550088986634,39.92202871097402,-17.286684362411865
2026-03-26T22:53:16.923693,-0.38071358051111354,-0.02117799121369938,-0.4403634104326141,-0.012571875783693006,0.015597127838632159,-0.9947967096159127,1013.1990499359167,-5.12974649158411,24.71206893433698,7.4649750802059796
2026-03-26T22:53:16.943118,0.036614441708622006,-0.03292013832130187,-0.3689195499727925,-0.018509206543200166,-0.009202262155062563,-1.0249609003606772,1013.1884993669763,-42.57632521210575,-18.14968874826992,-5.018736562833145
2026-03-26T22:53:16.963584,0.1838211926558117,0.01964030941695418,0.29921430201522964,-0.018529442145028753,0.01941789598513765,-1.0101420476491054,1013.164824612751,-10.983373590546572,27.008059384833267,7.2361171460360945
2026-03-26T22:53:16.983588,-0.22741888934740964,0.004920737215832365,0.1797606022792624,-0.023234899072025857,0.004477955580094232,-0.9948174078849549,1013.1714879175627,0.7640271427935873,33.8758525527786,19.20958233818486
2026-03-26T22:53:17.003195,-0.3567083806548544,-0.049993901133259896,-0.572324029445876,-0.020308003712666462,0.007016325856562866,-0.9957061690336506,1013.1817036749792,31.87568589696117,-1.31844720799888,-4.955533085414562
2026-03-26T22:53:17.023380,-0.05806580185735769,-0.33765292654763396,-0.25388727369925124,-0.01913511246175536,-0.007004903965561469,-1.000427041989576,1013.1820796705962,-4.67932476711032,-2.6793257256766676,-37.17015463754098
2026-03-26T22:53:17.043460,-0.1488920827037081,0.1019650370834716,-0.12453619568818701,-0.020971007873598055,0.0024407586406633808,-0.9957924300052984,1013.1722480659832,-22.520883248030568,14.52430734520552,37.183441835812744
2026-03-26T22:53:17.063219,0.30586645281421293,0.4217584041949767,0.6393425709338098,-0.008768471927617982,-0.00034212305105104854,-1.0158023835899257,1013.1327451717962,-8.507236064821415,-28.68009815677267,-26.74303022261846
2026-03-26T22:53:17.083247,0.06807051021296558,0.28517746764123303,-0.13916146325373813,-0.02032912415519256,0.020365941203041454,-1.0012219389099952,1013.145917911116,50.77991428849756,49.99078868284773,-3.382137466934063
2026-03-26T22:53:17.103093,0.2635873104280757,0.2527625938179522,0.08324517187800524,-0.014355148894314352,0.00042699334739165025,-1.0113304790373936,1013.1436937113518,-31.676290361544066,-30.550965111824258,2.5809562666560804
2026-03-26T22:53:17.123139,0.2829543583704769,-0.1877654025145805,-0.11540546749482995,-0.02481162192580925,0.015441160495743098,-0.9924255503804629,1013.1540766027731,18.864901547912023,11.387324004188892,38.199834042942285
2026-03-26T22:53:17.143404,-0.05760571521423025,0.012915578507487976,0.3864833086436825,-0.0007396848289724575,0.00912552994342088,-0.9891866489181429,1013.164967875801,40.214463350135496,18.408179202999136,-2.2001102846153655
2026-03-26T22:53:17.164038,0.009419752673692007,0.13131176230543296,0.048251596219861526,-0.04507432675582389,-0.01053948235594045,-0.9929087718777329,1013.155700254557,14.166238061884512,-20.18068765684088,14.149164903091876
2026-03-26T22:53:17.183543,0.06199376540444497,-0.29447553779240965,-0.19017781008337378,-0.01036211253347807,0.024317237119099035,-0.9972955888810672,1013.1493982160777,-4.938767409073372,26.44145220336613,-15.382507375418385
2026-03-26T22:53:17.204396,-0.07145871770893761,-0.07606193475319312,-0.6596408513900004,-0.023237010979320433,0.002659514906548091,-0.997231600878054,1013.1401450280787,-6.306123004026981,-11.82399679408893,-13.005510372081933
2026-03-26T22:53:17.223615,0.12206862466111203,-0.04880893078267182,-0.1632705928350466,-0.013604299893850475,0.007516600580861973,-0.9898285016963988,1013.1484773953136,7.716929501301967,14.519456391845832,34.8192572608488
2026-03-26T22:53:17.243554,0.22130213939131319,0.1978606391188938,-0.003689895329007601,-0.02635192841484065,0.003174208164105352,-0.9930618168658286,1013.1323380712728,-31.452587832342374,-24.7760054514475,6.685387050359132
2026-03-26T22:53:17.263790,-0.22291635356148398,0.2298540656086818,-0.12870919892221847,-0.03226362111916015,0.00791338988603058,-0.9934334891874106,1013.1168769628598,31.331025521808265,-13.135173704108112,-25.792964097626033
2026-03-26T22:53:17.283902,0.07449042982372914,-0.025521912490040134,-0.00410820172047878,-0.02259482560642051,0.003543307118415775,-1.001898174377043,1013.1444687341044,-42.82803492101875,9.981009158992126,-2.3500956652875087
2026-03-26T22:53:17.303653,0.0772607731599432,-0.1937539155654327,-0.5898273524799857,-0.03200338701215943,-0.008456960735658634,-0.9935173847648747,1013.1100680448402,38.343447546765915,35.53989705853045,-62.303045317469824
2026-03-26T22:53:17.323570,-0.048199363688719646,-0.21687385092442002,-0.6596912892034835,-0.002046978465766073,0.005766547284620983,-1.0046760477156922,1013.1268388122127,26.232506622843367,-45.87756220903071,6.053729759781568
2026-03-26T22:53:17.343373,0.1142525549802503,-0.11591838255534882,0.5031007890910538,-0.0330356448527397,0.001358050397808161,-0.9876404365531454,1013.1039565771172,30.090418522699764,6.921530886503541,-22.63133349879875
2026-03-26T22:53:17.363137,-0.2990881709949777,-0.2907315773155905,0.09418233655115942,-0.020427081161410676,0.010204991798009497,-0.9902660393563174,1013.1070762641004,-12.360852938920392,-15.482504236220642,-44.31682870634604
2026-03-26T22:53:17.383477,-0.020059296839716974,0.24362154045434012,-0.5025787107465192,-0.02355023880459527,0.019482346846756978,-0.998962036110774,1013.0851196908832,13.336650697843133,-41.59616344994467,-21.078393025565994
2026-03-26T22:53:17.403620,-0.21539298964699702,-0.05168644616538118,-0.2827635024405786,-0.016625785814663074,0.011524601634368673,-0.9997620182863968,1013.0747359593246,9.515082545177235,-24.58247056550832,33.13154405143059
2026-03-26T22:53:17.423342,-0.2566755721783576,0.05215478630636901,-0.1677177919222925,-0.03333220536237885,0.030993776660790798,-1.0039309588840255,1013.0927282243147,-20.976554569423282,-27.177110553019126,69.09867281506205
2026-03-26T22:53:17.443702,-0.14740692061175714,-0.1782402719968699,0.29129215392082397,-0.0452799511452791,0.03332363312138481,-0.993381498166927,1013.0865146966656,-6.240002458822012,-47.9313028885145,44.57566538197723
2026-03-26T22:53:17.463825,0.21106366322308268,-0.12168668433029896,-0.7243252318435022,-0.010207117639897062,0.02861989401502435,-1.0095680313679845,1013.0849823374951,-10.673603737094025,10.171262064137553,-11.663176249994144
2026-03-26T22:53:17.484150,0.14365028886614747,0.04763207368093136,-0.9859773405762399,-0.013984184903197729,0.01559728434003418,-1.0080042124029436,1013.0994925435581,10.658895227746486,10.022891345321177,0.40255072901624267
2026-03-26T22:53:17.504402,0.08569104854730437,0.39871929625189934,-0.37564196244905373,-0.036530869072353686,0.021095866685323702,-1.0150679942623129,1013.0667129778438,-19.04165484113087,-17.51388113914676,3.1472509275268594
2026-03-26T22:53:17.524071,-0.3495015614806289,0.20782832838521534,0.39692456214987243,-0.024188770195507903,0.027265504958510142,-0.9940763786613773,1013.0947854869507,20.71808448687826,9.572087316992535,5.392864928424562
2026-03-26T22:53:17.543847,-0.013461491957830082,-0.017381186813317028,-0.5931113440085443,-0.008835433684370956,0.006503085800816986,-0.9886960946424013,1013.0594496098296,-7.164054266702185,-24.68199659920253,-11.705152537670507
2026-03-26T22:53:17.564145,-0.31910670965660837,-0.27973786672742684,0.16642818007303978,-0.03352649228677292,0.013655708483237064,-0.9984537551128945,1013.0815572818785,-19.985517625707452,27.126394132544803,5.5271919189694865
2026-03-26T22:53:17.584390,0.17805760317035743,0.11112256997311731,-0.054051247552039536,-0.017031972999173802,0.00955675456111218,-1.0051798318730505,1013.0693169848533,34.737278945425984,-5.057317464440421,0.7016316493235799
2026-03-26T22:53:17.604381,0.09315230401440347,0.015393623868460004,-0.04391627604658212,-0.040938823677809474,0.013146223660383085,-0.985456664284417,1013.0606065881375,8.225315574189027,18.971630037525923,15.123387856769309
2026-03-26T22:53:17.624428,0.03940130295982961,-0.4229304622176158,0.21342822482311194,-0.028074076138052465,0.01862667933105492,-1.0094856506775445,1013.0667967353093,16.460634689653563,18.948548399653728,-9.96067505720754
2026-03-26T22:53:17.644939,0.03340594207089993,0.23208676684434157,-0.5798494300049631,-0.015807742561096332,0.028482466660543396,-0.999737267515643,1013.064197196324,-8.126649732031566,33.64809327338584,24.305465604290816
2026-03-26T22:53:17.664703,0.07103065749927198,-0.15150518459423354,-0.3901520539327057,-0.04271553829434699,0.010807979341749992,-1.0054526684901028,1013.0576403196005,-51.65435638109781,30.787568718810107,-10.086674478558317
2026-03-26T22:53:17.684921,-0.19530349937550906,-0.13372951136827874,0.1665561419148299,-0.02667080390416004,0.0018857297585748115,-1.0121566080336528,1013.0639556345878,-19.931886375077603,43.91054476008985,25.591332940751972
2026-03-26T22:53:17.704841,0.00014775117395639335,0.04493301210271745,0.3010692461642066,-0.03032317148924257,0.02469732011194854,-1.0017101226323588,1013.0580270766686,15.894454902562158,-11.641849966174426,-13.435447380855337
2026-03-26T22:53:17.724753,-0.03482081878819607,0.13522008559053988,0.7421849935986226,-0.023465434951484686,0.00429797103731577,-1.0153691508151887,1013.0653649595927,-29.968615989076007,-10.436281288553337,-9.865878311984796
2026-03-26T22:53:17.745193,-0.07377032318594584,-0.23452991651227603,-0.337292892111371,-0.029461049136590513,-0.00207082514329725,-0.9939646859498409,1013.0377888909196,43.332832567465616,9.841162330329745,2.561991541141981
2026-03-26T22:53:17.765523,0.02964883758811935,0.18431900535322146,0.030089431659003275,-0.02790207331512088,0.008581557494288034,-0.9965864452075791,1013.0684676426413,-24.471265665777654,-15.076234105749975,-49.6111830100384
2026-03-26T22:53:17.785849,-0.12122924176584507,0.3190808896952714,-0.546397062171953,-0.019959738928740187,-0.0024954206058857504,-1.0023928908536548,1013.0330341478805,2.8256262223883932,-2.486004704119371,20.540462893982394
2026-03-26T22:53:17.806371,0.022022141691130887,0.2976330406226382,-0.6747474909205662,-0.04652772730101842,0.003074098570215528,-1.0092870050792195,1013.0421914630252,-20.03862684766492,-13.588451886525933,-9.68123174389428
2026-03-26T22:53:17.826379,0.05230525501201009,0.16626358736161356,-0.2714043481246503,-0.028097951050998216,0.008244978382535618,-1.0059018246337195,1013.0246513127114,19.49907950087419,1.5164205257862768,25.997836420131172
2026-03-26T22:53:17.846652,0.05870016459934293,0.11936033685206063,-0.4780206764128102,-0.01991986994557774,0.0041018775158082705,-1.0006703078585495,1013.0227964565435,35.8202553032364,-46.29921602746832,-17.264831612130717
2026-03-26T22:53:17.866528,-0.0944618485654461,-0.41327066240198457,0.03427749477448562,-0.01992950397872774,0.025271338038166943,-1.0182483676179388,1013.0364765282816,6.774795763077323,39.974781966902235,2.866857907515032
2026-03-26T22:53:17.886657,0.06224667869258904,-0.28647206897627375,0.5397957647663789,-0.02032530582905808,0.004449788936866634,-1.0137085258819958,1013.0214112314077,-4.0757689036367,30.06463446898217,-12.153337586838227
2026-03-26T22:53:17.906605,0.0863962214961349,-0.1737875895264825,-0.46149125660453766,-0.026534124784691315,0.01025666274714105,-1.0038593948353631,1013.0389489559643,31.066876740856028,18.367172488118918,1.4990906917359212
2026-03-26T22:53:17.926644,-0.19638657467957726,0.3809940672608337,0.41750628617921565,-0.027928118374319782,0.027273724315814384,-0.9978267242577677,1013.022986888435,-3.026100544446102,18.367143334125647,-10.24891551699035
2026-03-26T22:53:17.946882,-0.041671443301630286,0.053542985157692596,-0.5175037513477418,-0.046714058621536866,0.0034534757508523917,-0.9898541639621783,1013.0010230160202,46.20433292250235,29.953360553949953,-5.173283993906586
2026-03-26T22:53:17.966555,0.4421205467053265,-0.1726881270930535,-0.3061239086878319,-0.013237515214494396,0.030134095473991377,-0.9901322869887492,1013.0014545351827,-29.72562358165672,11.247170781564368,4.240582238039244
2026-03-26T22:53:17.987392,-0.11136102557011629,0.17569139149435725,-0.16564806223765577,-0.011370169323063211,0.023570578662343883,-1.0150039419453485,1012.9956516248121,-19.962776747650526,25.67660848012407,-32.39198395855336
2026-03-26T22:53:18.006990,-0.1059378941038889,0.29292536626667987,-0.028043419847797298,-0.017160033206087784,0.00816499644505879,-0.9918627181436043,1012.9660261966502,16.766308544012052,18.856174582259808,-15.860692969586562
2026-03-26T22:53:18.026504,-0.03762915377558838,-0.07427549292223441,0.8264049615691528,-0.018783998313383187,0.01543923983330189,-0.994082698809856,1012.9884592071226,-36.819580987587045,18.536026268011977,-14.549523793882178
2026-03-26T22:53:18.046967,0.28630421534004463,0.10559696893088202,0.06457042070647934,-0.025907754548958592,0.007959217220395704,-0.9939013068856396,1012.9842908023845,-24.69249780738955,13.107035257589379,53.722760249332346
2026-03-26T22:53:18.067284,-0.5408965123876192,0.09214946292232723,-0.3148410686793434,-0.026623676041838122,0.007481120765549665,-1.0045470041069249,1012.9814515517569,-40.291330261835256,19.005726578345126,-27.24814750748289
2026-03-26T22:53:18.087533,0.06143511636374549,0.24163369824748915,-0.6065891938789323,-0.0080483028435879,0.001097372251211778,-1.0149526177527572,1012.9950509165146,10.162134827524643,14.695460814756618,-51.67355139052714
2026-03-26T22:53:18.107785,0.23496557314418334,0.03250145452462949,-0.1575601154029726,-0.014005085656199682,0.013621707023088559,-0.9870770876068481,1012.9747522617658,-24.359658394839954,-0.7668047910127527,14.062466474758512
2026-03-26T22:53:18.127780,-0.06795709415541487,0.18307209523753495,0.633309127968832,-0.04683661996791272,0.029374187450940982,-0.9976493886419274,1012.9836868481782,-70.08088865945939,11.024750053011651,-35.845164798401086
2026-03-26T22:53:18.147421,-0.36735320702400187,-0.07837003090868318,0.18716220793117186,-0.02483095301499396,0.024538048255080852,-1.004486205629165,1012.9631278361757,25.34930214287318,-29.12754490500632,25.494320033161546
2026-03-26T22:53:18.167451,0.18517017659158067,-0.23403808060031914,-0.2472822508986445,-0.022422764519363453,0.014461744944770923,-0.9976476127595727,1013.0000271859412,4.586915257485911,60.20995006609636,-21.771867029830414
2026-03-26T22:53:18.187180,-0.13152859916444282,-0.0021004561595090072,-0.5377630716586613,-0.003828287620917397,0.019970526309793034,-1.0024771314516647,1012.9624450044007,-1.9532836473510946,37.57847996107065,-15.48525349862269
2026-03-26T22:53:18.207570,0.019942273255930617,-0.031270510216425754,-0.09197355681535573,-0.04033784066905713,0.022688231669194363,-0.9969035138641157,1012.9657984309805,12.488024801258439,-0.5623472998483013,7.657241977023639
2026-03-26T22:53:18.227512,0.3107655786059032,0.0964848924899166,0.5480646271772414,-0.012097733760206633,0.024651551793302785,-0.9976392209176147,1012.9611958075726,15.119220313049896,-45.88956209593376,32.384129228989195
2026-03-26T22:53:18.247181,0.05242062768006494,-0.10643129124234953,0.5363419954894653,-0.02453948934729585,0.01994614081389231,-1.0030144940882864,1012.9598406192798,-2.8874979813000894,-9.398073204250112,-23.369823873724243
2026-03-26T22:53:18.267053,-0.31328157474201557,0.13597584775457391,0.6209135475848955,-0.024108108944768294,0.017102679594087067,-1.0098476062127995,1012.952309418842,-25.702433785092285,39.89398997047909,6.852074691434611
2026-03-26T22:53:18.287218,-0.14843427136019852,-0.1451490145354102,0.4239933169543588,-0.031290478397837024,-0.0002400226214379752,-0.9896570018616986,1012.9533708445013,-47.1308243762076,-37.94991844979288,-0.7028860365730855
2026-03-26T22:53:18.306993,-0.03879626098595517,-0.03499018389986504,-0.291789617711259,-0.02516289040876428,0.010618534202174457,-0.9741528711682091,1012.923255244652,3.0401949141495974,15.510080821144507,29.828081108883232
2026-03-26T22:53:18.326664,0.008348535227207547,0.1195220670883078,-0.2962111021155844,-0.028671157628050267,0.02014944813101939,-0.9936628331628431,1012.9261085497674,38.886161318460424,24.954445541986686,-33.885013861383804
2026-03-26T22:53:18.346761,-0.058858379433309904,0.10151043311422002,0.001451072294249428,-0.03339433239171407,0.023244266408624654,-1.012448876877903,1012.9296046881095,6.412538413625145,-26.513025968222554,14.621257329323788
2026-03-26T22:53:18.366859,0.011874509488867787,-0.13915178166534545,-0.09171867471015288,-0.023836845290652314,0.01739413403174656,-0.9986444252431158,1012.941185746265,-0.01682144163214827,-34.24021341070985,-11.801607252512202
2026-03-26T22:53:18.386656,-0.24103251766787037,0.28238577634884765,-0.029506204113388865,-0.03465340445214143,0.02110477264077096,-0.9870189847920292,1012.9380810021786,10.396261847295811,-12.281384127009543,22.832554615524685
2026-03-26T22:53:18.406468,0.04557624300775418,0.1252045422033498,0.2887126738342125,-0.02764878855785225,0.0009673937882389624,-1.0143330966012556,1012.9458914105904,-3.0057686203045413,-28.80424896466509,-17.305137258342732
2026-03-26T22:53:18.426561,0.07449634150879159,-0.0813534936979861,0.4464775863719518,-0.025459673442031056,0.013545725519377301,-1.010470663292676,1012.9169079952837,19.278725822395323,-12.259609699853366,-3.416070315079333
2026-03-26T22:53:18.445982,0.07270678585888776,0.04074830604264821,-0.09295294533107672,-0.036315099629334095,0.0043023722651439125,-0.9976902029282649,1012.8952514408393,23.25676785266452,1.7184835014887132,17.32573283956997
2026-03-26T22:53:18.465419,-0.03491986519123483,-0.04934565679924412,0.6632814563698965,-0.059095401529392355,0.012229350712466114,-1.0140060912524933,1012.9240660837725,9.92291864330771,4.286200453017665,20.655448571720495
2026-03-26T22:53:18.485131,0.07175623629099355,-0.29832102293021784,0.11038635722497092,-0.023629447002808786,0.019552909186556576,-1.0108769182519382,1012.9061587942822,4.76383367259813,42.05938112781926,-39.38276901345979
2026-03-26T22:53:18.505046,-0.18386979472245685,-0.10687594291294206,0.5273257405541592,-0.010599104701634951,0.013109270744393352,-0.9979721256871592,1012.8940248017965,-1.3532666106935582,9.530500076373734,-3.152461414972531
2026-03-26T22:53:18.525170,-0.19711054620735763,0.17614124860520536,-0.4956352869915077,-0.009864161533859054,0.014581257970826853,-0.9767136506034028,1012.9052602582439,3.8628808009109146,24.564108947817445,-52.063170467354915
2026-03-26T22:53:18.545760,0.22922755455884222,-0.014773477380959372,0.1118636997198823,-0.025262032831557688,0.004469885869671944,-0.9958891689973464,1012.9214445272294,2.7758638673971423,0.1928768207788347,-27.494871499947724
2026-03-26T22:53:18.566103,-0.0868223905808388,-0.022868136603682483,-0.5831746095546722,-0.01584061648072602,0.015879410576047855,-1.0078173156893977,1012.89154660417,-42.29667098104793,-14.86499561167813,12.794473700597255
2026-03-26T22:53:18.586039,-0.06509264632021941,0.4462829756444703,0.4526945829653318,-0.03152201324180983,0.003026630198333562,-1.0042633898169642,1012.8796035147891,25.52158605242545,29.36369226740148,-25.246960578870926
2026-03-26T22:53:18.606032,-0.24455437338460523,-0.0738215377467523,-0.06471891235951145,-0.030605701434114847,0.024593936472065668,-1.0052177698417057,1012.9048095201175,6.6124946378915,6.420802582582341,-20.98467152118018
2026-03-26T22:53:18.625631,-0.12306904102327423,-0.1004071110602683,0.2673025772973758,-0.024610106066499653,0.013218834280634863,-0.9928570227305187,1012.9219889349698,-21.54845123581484,-9.469578278612671,13.629933199414758
2026-03-26T22:53:18.645623,-0.2092812126444236,0.036858264079961046,0.018750563308748885,-0.010087220476313923,0.019694291339542005,-0.9944496656567346,1012.8830911921448,7.935890560957938,3.072884805534977,9.214968464518723
2026-03-26T22:53:18.665508,0.2843710773245304,0.0771892595887634,0.022386047417697452,-0.0165770129414277,-0.002417092020151293,-1.0030031459792592,1012.9100579751293,47.30093657239064,-33.87166464707848,-28.0286816063399
2026-03-26T22:53:18.685637,0.09537238567535501,0.12165955431299433,-0.40734916650848296,-0.017040212014820564,0.006783367939157176,-1.0117964975911367,1012.8641408875199,-3.6164286868033253,-8.226766997034021,6.116636098571566
2026-03-26T22:53:18.705306,-0.03746912832984581,-0.014731500760279969,-0.28122105386706275,-0.0041997287436039196,0.018059638285545514,-1.0034523561507844,1012.8917698066541,-11.192844456697964,-6.6109573936714945,40.036953899266614
2026-03-26T22:53:18.725514,-0.0031867656494833302,0.2066090684316049,-0.4739558445983921,-0.008013333294003697,0.009041950875447107,-1.0110083015652493,1012.8953298698926,15.809738171098552,58.21278779205867,26.242222845496897
2026-03-26T22:53:18.746127,0.16466424571608262,0.14343022319754878,0.14458570101385584,-0.01705611344264234,0.015975300136776407,-1.0069736122629485,1012.8720310347867,32.7871903137492,-13.322704563336684,-4.974268306992792
2026-03-26T22:53:18.766083,0.21472778559495423,0.021503991495794003,-0.17957634290750507,-0.026104324052017756,0.008370253066993134,-1.017045733307348,1012.87540699286,-20.994296764802293,-5.719180597386457,16.9100928618579
2026-03-26T22:53:18.786244,-0.13846237699068195,0.023220886763678693,0.0783401887032848,-0.02220805024120666,-0.0004545544580957968,-0.9932841536820636,1012.8350804485424,7.675092955629369,21.6089844734824,-31.864647615947415
2026-03-26T22:53:18.806520,0.3721624646477182,-0.027021671566134713,-0.6839011027862387,-0.022448724620290607,0.026754728702078522,-0.9795993662898004,1012.8797944439444,-58.71043728390213,-15.217810341170907,-5.246345475568967
2026-03-26T22:53:18.826360,-0.18660485878030683,0.06224061243245699,0.3073673086151817,-0.00957695011800025,0.012743064300700824,-1.0086770004694834,1012.8632855037548,9.67258813178559,-25.71787074732675,15.979291488990167
2026-03-26T22:53:18.846449,-0.040812450591207666,0.32925519116979735,0.22994922284799812,-0.028658912305677717,0.003222672823990455,-0.9928926470384595,1012.8425400419355,-12.285929720857737,-0.1042653704498396,1.2916243976633615
2026-03-26T22:53:18.866454,0.12681501994165495,0.31413514632381107,-0.1879686391787796,-0.02864305255260939,0.019493748068112545,-0.9912788977278385,1012.8236500167669,41.73531853271671,-22.35546262927208,-25.619525082549835
2026-03-26T22:53:18.886493,0.05393534451702544,-0.22831521471627947,-0.12821627681896014,-0.019806334484902564,0.005426935364759027,-0.9945680765966224,1012.8350648844395,-9.391853358346582,-44.2352111210105,-24.8127998525808
2026-03-26T22:53:18.906184,-0.2943155807252922,0.2483317607393302,0.5497625629180422,-0.0016915655252167858,0.012841854340369125,-0.9931901458605534,1012.8529300814499,-50.077995159865075,-17.46271400284774,12.097639946781722
2026-03-26T22:53:18.926194,0.027253597567932407,0.24899796693490717,-0.2782890148339492,-0.021240133461923653,0.006753320186413052,-1.0058212212455024,1012.8521258566816,24.88698879104169,-19.369412373199616,-21.477084973142183
2026-03-26T22:53:18.946393,-0.0875717877777689,0.17402571371923597,0.04629898813538286,-0.010901028607842141,0.02104062282414996,-1.0128770626366859,1012.8633151453561,-26.984294222491204,11.615347754004034,-18.15750458315019
2026-03-26T22:53:18.966974,0.017500770160652827,0.16215591753395364,0.6206648049112411,-0.0031512507438821204,0.01508180711384328,-0.9861760679779732,1012.8316354905564,5.994619624015447,-6.216796815713554,-42.89337611707768
2026-03-26T22:53:18.987357,-0.10421090862004695,-0.3863615236141138,-0.1684709264700035,-0.011580346870144519,0.021633354196336548,-0.9946858640897641,1012.8591864594144,-7.752063349003881,-7.641786674458873,15.188324109243682
2026-03-26T22:53:19.008219,0.028813435763039817,-0.1569809631846872,0.07777886356629596,-0.015684183324840142,0.011886820328360973,-1.0023502951431773,1012.8323447851625,11.123402570579831,5.4074734210626545,11.16033693971194
2026-03-26T22:53:19.027912,-0.2150103798945099,-0.21275777622472808,0.2038215504467588,-0.0349906155577417,0.0205887980547785,-1.0064598566367897,1012.8008812149093,-5.7146428877906,-41.874294719972,11.677358805640164
2026-03-26T22:53:19.048261,0.36044511593350986,-0.26479325102236473,0.00976947104415556,-0.01613524710585881,0.01886129902299184,-0.9908547417679088,1012.8137118960468,-7.070445774491035,11.020389572551432,5.124848010890832
2026-03-26T22:53:19.068334,0.09606560302567715,0.1921722220337277,-0.09325587903822923,-0.02369387032050565,0.003700399969916921,-0.9898249047836709,1012.7999750081767,-16.567669802152487,-26.772354202529176,8.71367679760997
2026-03-26T22:53:19.089210,0.31728948946120833,0.1286172860900651,0.10060019744502766,0.0012219936591781472,0.0016997695443027889,-0.9970051636446899,1012.8345988619383,-24.358273398892962,-34.35482413093685,19.004484976040192
2026-03-26T22:53:19.108887,-0.1921801408611682,-0.013948649257826998,0.6698759503543733,-0.018896551011951333,0.0020426895660486076,-1.024386206587497,1012.799898722065,16.668832307003843,7.813046307652407,-10.25748496691529
2026-03-26T22:53:19.128551,-0.1307993704638287,-0.16380141163509315,-0.18855331210517678,-0.0005611202349304224,0.013596008727443761,-1.020852006626455,1012.8249900042309,13.917048039494022,-2.4879086331161453,-2.182098352345779
2026-03-26T22:53:19.148311,0.02179462088870471,-0.04831899616532246,0.07880610739573062,-0.021567483316744043,0.02727367691623704,-1.0065691906566692,1012.7850694657793,10.935178365520423,11.03997220651176,-19.079261705448552
2026-03-26T22:53:19.167461,-0.3169404266180166,-0.04843390848981169,-0.02095657099736762,0.009453689737972202,0.0009194058818186909,-0.9928699441437634,1012.7813964850627,11.64613153591751,-67.86298045803052,3.8993869540054673
2026-03-26T22:53:19.187251,-0.04992408941109501,-0.2033003720844373,-0.15940294065222763,-0.010946878443680396,-0.0031708941851209503,-1.008428270846504,1012.7758221208787,-30.021429733223382,-45.625735282483994,25.186455119680843
2026-03-26T22:53:19.206947,-0.1608285656974272,0.05287271665649107,0.47848465829179665,-0.01943722958740768,0.017388982327126084,-1.00594504095471,1012.786001021233,-29.398076179468415,-3.544464718368232,-43.580642548261864
2026-03-26T22:53:19.227008,-0.277776049514348,0.023737053849337664,0.45346380549689624,-0.012314122303528413,0.0014058333533449058,-1.0044402986829788,1012.806654446929,-27.599905149042172,-15.358492523807968,12.292983468055642
2026-03-26T22:53:19.247144,-0.0163976271639876,-0.48690692088299287,0.23155495529640982,-0.028870182339147746,0.013912425029728262,-0.996949845697006,1012.7773371523792,37.823268710240825,3.126709580936631,-26.055640343044573
2026-03-26T22:53:19.267895,0.0757015718052371,-0.12337918558549384,-0.04998378667602548,0.0011232172743198023,0.02474010584002884,-0.9933400073206085,1012.7982652842995,-2.089304052136621,13.950016786625346,37.452671742744286
2026-03-26T22:53:19.288275,0.12884329124872804,-0.11782976181880106,1.1964046449957975,-0.03041056070961167,0.020570336439692444,-0.9923328291902034,1012.8097616479869,-32.074431983526146,-26.865421125359557,5.5726875175225405
2026-03-26T22:53:19.308044,0.002062146810668052,-0.05944926326248392,0.2568087122991635,-0.02385927818428967,0.014674993909333097,-0.9889567218584545,1012.7792383730507,6.646735337570694,25.995412433316083,32.03243915722644
2026-03-26T22:53:19.327685,0.01611585302826457,0.007242350663972961,0.5090523827332796,-0.01448211351743821,0.01879084245642234,-0.994818675310001,1012.7609485970353,37.73271813754548,-37.46540352084378,-0.0002786597553790515
2026-03-26T22:53:19.347882,-0.01695373300216253,-0.3746488654430699,-0.3549188559226943,-0.022522668653467783,0.020770532035425324,-0.9929769271678444,1012.7756481685543,22.243172360667696,-68.28368376639591,29.436787112742334
2026-03-26T22:53:19.367353,0.0912630000081169,0.26284521537228667,0.4001463794170355,-0.0073793602900784315,0.011771951140994327,-1.0203084023299585,1012.7522152196855,-16.731544071644276,2.410476728037459,-13.564117366754477
2026-03-26T22:53:19.388086,-0.2160175900209079,-0.2896524882786422,0.08963116536048261,-0.008477411381322898,0.0007870624000001838,-1.008694131450382,1012.7735625761013,28.862822672616907,-4.366843436133225,-37.870499515725655
2026-03-26T22:53:19.408558,0.1073024882543081,0.33247553380860095,-0.1768814125451287,-0.003710080109316106,0.0059634706928352555,-1.0044967968071927,1012.7575591106149,-33.45447749704249,16.029305686476178,19.752326147067492
2026-03-26T22:53:19.428370,-0.14937666056365953,0.01751492875276415,-0.5094187365426648,-0.02601171584705022,0.018876948763476443,-0.9944710080789573,1012.7535903735624,16.983207451828747,-6.306467213341586,-11.122628494090089
2026-03-26T22:53:19.447685,-0.027208332615056945,0.16042238629998976,0.1918323198678409,-0.01936414492163627,0.015788212437935708,-0.9938703138656503,1012.7583637405652,-10.809810408321935,-2.8763280843825214,-3.9523217359293534
2026-03-26T22:53:19.468226,0.19202383062782993,-0.1446495694741004,0.2598590110661121,-0.02001595001771342,0.003982712529097972,-0.9801477211554739,1012.7651212676928,2.809219502801396,10.0106503753198,3.194294593821354
2026-03-26T22:53:19.488181,0.050689561016380794,0.03158127376179793,0.15696225645234502,-0.013689208237434657,0.00577562001493843,-0.9894106399879203,1012.7326012381798,-2.51040855319976,0.4528303945160087,-14.927381357551642
2026-03-26T22:53:19.508676,-0.030021530509326374,0.028189534109084383,-0.07731314996017158,-0.027341019725420003,-0.0062977745712412365,-1.0086175060929865,1012.7470548752566,-59.06597320026991,39.60324829524588,26.905592912669082
2026-03-26T22:53:19.528038,-0.18786246176379548,0.05514669293335029,-0.4777428924360038,0.0016686103099369902,-0.0025858885814166446,-0.9809464115983736,1012.7477698503046,0.18533150547355637,9.892439766257658,-4.123488269233887
2026-03-26T22:53:19.547798,0.16754792920555245,-0.12340294915831665,0.3981770842745579,-0.016299428907063918,0.0007559136968346937,-1.0055007739345887,1012.764593261762,30.390500241121092,-41.49323782598812,28.072855364394318
2026-03-26T22:53:19.567800,-0.050516726429425535,0.043238117776195906,-0.49426087827186016,-0.015455840914629017,0.007799352612756437,-0.9894667319767897,1012.7462522183569,3.2615372172680672,12.671109778255031,12.648888516605671
2026-03-26T22:53:19.587819,-0.025414466598981212,0.0476550880308301,0.005730566960391453,-0.02377672965741682,-0.0029199625820622204,-0.9809135635032761,1012.709942637274,-20.740025885358055,40.80676646796342,-13.461777985109768
2026-03-26T22:53:19.607639,-0.18865548586598418,0.13138447899130162,-0.23773164104054548,-0.022082803813826032,-0.013813522538290504,-1.006339170263726,1012.7202361214713,21.987243230480548,35.18262282249677,19.25935004667671
2026-03-26T22:53:19.627888,-0.1673887968087525,0.1463701371597424,1.0604245866820676,-0.015990249728686463,-0.01111857102820361,-1.0011778429339075,1012.721846037376,12.281894499258211,-49.56278906599805,-9.293826503401
2026-03-26T22:53:19.647461,-0.24388534248855573,-0.18171292889597937,0.28865303772057466,-0.014814580340371973,-0.0023807646367620837,-0.9974118748649013,1012.7431382706853,-25.610404097811365,13.670123882734757,-34.47796668106232
2026-03-26T22:53:19.667404,-0.10808121047683836,0.03541363634242503,0.2605962943191959,-0.022641786162154745,0.0018391983454998746,-0.9965745625425457,1012.7110604050305,23.782270660402578,19.98375121743651,-4.528798013079736
2026-03-26T22:53:19.687452,0.02602345411136586,-0.06075587592326757,-0.024945232819471412,0.009492896007386696,0.013051241979484552,-1.0091139468695045,1012.7185220784412,-30.97722552549969,-10.104947916813673,45.04754634805363
2026-03-26T22:53:19.707658,-0.06597424161396787,0.15027594040651326,-0.31359204984999756,-0.037798021268980984,0.011909704788143984,-0.9890206384149123,1012.6783390831177,-11.998837490864105,37.67277734070246,-7.026577693950726
2026-03-26T22:53:19.727943,0.008135328885241239,-0.07724488102657008,0.44795743734097515,-0.014387109328916124,0.0024008907328669712,-0.987916644254381,1012.7058256361586,2.7859334634414568,-18.555610985744735,28.630100778966895
2026-03-26T22:53:19.747493,-0.1003156849627303,0.009110273301553654,-0.048681983925576815,-0.015258790441224976,0.003758186083089286,-1.010587855993402,1012.6997227326406,31.54849643473373,5.622008563362449,21.137326863200375
2026-03-26T22:53:19.766879,0.0026853223118805483,-0.18226012573731296,0.23249267530128914,-0.005620976986282288,0.003524768770141216,-0.999734726385753,1012.6775176252678,-1.2621620339331447,-12.365151891972273,27.426050064754925
2026-03-26T22:53:19.787390,-0.004180853850131562,0.05898233342066108,0.10129623138259046,-0.024824631708088265,0.009365506006211428,-0.9966321591486418,1012.6828779775935,-38.18049618309745,-8.544852432317176,40.185205940091656
2026-03-26T22:53:19.807523,-0.11109907111381717,0.10595832908449507,0.1087667138240886,-0.02351102094712905,-0.006432899202893191,-1.0006629999346037,1012.6859435539262,19.058598983851923,-26.08383797646378,-8.727023146115096
2026-03-26T22:53:19.827224,0.2426238080865424,-0.18897589067728263,-0.16652244045628684,-0.01606123809761225,-0.008862821841000033,-0.9906304613303574,1012.7111291612001,-13.582530104015472,66.0063533013189,-10.937867159794957
2026-03-26T22:53:19.847844,-0.16323414718089777,-0.04480686484365984,-0.25457107982156324,-0.03123873733803779,-0.011208011660782828,-1.0066927029321457,1012.6966825110304,-20.76882564300737,29.162431166714686,30.397095462394724
2026-03-26T22:53:19.867891,-0.1840968250922547,0.08091915652414608,-0.44083883892100756,-0.0144803824531535,-0.0009463215906495453,-1.0047740856454366,1012.6849188367361,-25.131496542401845,29.028065376251554,47.32042936602047
2026-03-26T22:53:19.888362,0.1286711689354588,0.12286509953820679,0.05621290254281994,-0.0074973193136129036,-0.0015081829052725243,-1.013204003510593,1012.6639163831451,-6.353056718841884,24.262562053372015,-24.824500553331386
2026-03-26T22:53:19.908389,-0.12904271662447675,-0.13161584915671257,-0.07658623248579642,-0.029899011962704253,0.00199789736034512,-1.0106818760517982,1012.6741350933447,-37.47354506866838,2.397042261666963,30.99904642927229
2026-03-26T22:53:19.929214,0.022715441005640956,0.014178117975243779,0.3334375706072805,-0.0037281489803898966,0.012502993929293292,-0.992039086565919,1012.6515801538993,-10.073450143775528,-46.843308647569145,12.107047407932471
2026-03-26T22:53:19.949916,-0.2743142409918872,0.04305415538578565,0.4144183163470236,-0.028721945841299414,-0.003766087343316694,-1.0007617154794493,1012.6967703673951,-28.4870389527713,32.021876443702034,-39.20365337563897
2026-03-26T22:53:19.969816,-0.004425002232776512,0.05557664146096918,-0.006599843777370006,-0.02675046607753255,-0.0015786682992127855,-1.0186594601823575,1012.6620738562024,-14.353633339363146,-23.45134734797852,28.05189041639163
2026-03-26T22:53:19.990205,0.17168794502875132,-0.3144180081222416,-0.4589905405160736,-0.007997883992396676,-0.00789510262592505,-1.0040705427170094,1012.6861575172053,27.171057728487114,-29.079862552580014,-45.694597738960944
2026-03-26T22:53:20.010463,-0.5532286168258332,-0.043189052257731134,0.20575074895851655,-0.0373793643708793,-0.0027418721805872156,-0.9990238604856252,1012.6672070268189,8.576292134665048,22.80505372729658,-9.910064666171715
2026-03-26T22:53:20.031010,-0.28371930376784377,0.21275360231406243,-0.5789701912254884,-0.03042496221055906,-0.021153900599822348,-1.012675522647766,1012.6805091401986,6.5706600174966425,-6.434699386213339,-2.8090706984091045
2026-03-26T22:53:20.050624,-0.02208743268921222,0.47103375975668066,-0.5501633142554844,-0.02513468335805374,-0.0036450548824377878,-0.9993614029115689,1012.6878697640807,31.94410141781717,16.620513411736106,-12.224644617690176
2026-03-26T22:53:20.070899,0.09004323232922493,-0.21188624397034458,0.20003015946338254,-0.03962299544071414,-0.017063158221506957,-1.011791131231695,1012.6628892472514,-4.952086860403911,-11.756712545181578,9.460544993430672
2026-03-26T22:53:20.091322,-0.43541871415278205,-0.15743661896713815,-0.4797435466888132,-0.030887641884982896,0.015505424662834038,-1.0045933783868393,1012.6648824467522,20.375575611125857,8.266209321301398,9.72077973607995
2026-03-26T22:53:20.110619,0.17542787809414548,0.07787746068059741,0.22742822178096256,-0.023831910902621052,-0.014511329291808987,-1.000532243614727,1012.6791358168408,12.211705931183623,22.347349321415447,6.952837110182181
2026-03-26T22:53:20.130145,-0.22842292405357895,0.04762243656848609,-0.7135153498692962,-0.009091497828206067,-0.016419243246862808,-1.0082896043903544,1012.6670342544786,11.26559942219371,-2.4793339327691037,28.113943760743414
2026-03-26T22:53:20.149330,-0.12691492544297123,0.047571494465637715,0.14628021281113066,-0.024974921330710477,-0.001356208304121623,-0.9858263171750481,1012.6520684636777,9.055297745966724,-6.301550534005393,31.772216665886923
2026-03-26T22:53:20.169222,0.2796540932007209,0.25041938926284923,-0.08578556186735,-0.026938680808226388,-0.008736573972248564,-0.995082095516241,1012.7109946644417,32.21669860267953,-17.59410159311584,23.008494589035543
2026-03-26T22:53:20.189509,-0.29698842349649224,0.07254464906794544,-0.41772806226818593,-0.00932537415350354,-0.01231798024322395,-1.0029976981823718,1012.6869080236224,-20.107726286280165,-29.52670523571073,-11.781286667604977
2026-03-26T22:53:20.210110,-0.03330742580312814,-0.1472617459328187,0.11792892848407942,-0.01832861152216503,-0.022627148838386145,-0.988947089295712,1012.6679603958685,48.82297187158778,8.629815857969856,-9.343495431302049
2026-03-26T22:53:20.230140,-0.32463665499964844,-0.15982973444272056,0.6088188616262739,-0.019482703437615483,-0.014601238918598757,-1.0035826583737804,1012.6766401702527,35.58660736083903,-21.918119960579407,16.56038076688196
2026-03-26T22:53:20.250791,-0.3342487739537401,0.14627954891175715,0.02313007186518489,-0.0018504356144665324,-0.016170080310075493,-0.9902038392412479,1012.6888597534542,21.032805511570633,23.121872642903135,1.3975386252065662
2026-03-26T22:53:20.270239,-0.17564191319805256,-0.2850653259105905,-0.17838671803679346,-0.007480691641696949,-0.02182915528291482,-1.0083857819632014,1012.713291390065,27.29410617881057,4.71151057493772,-13.50657587383562
2026-03-26T22:53:20.289558,0.16462939563212095,-0.3051750299014007,-0.31448160995808583,-0.022698383404747682,-0.020985889850286977,-1.0014522756403779,1012.6969609430008,-41.2130400291011,-6.227879218769406,30.020877377572905
2026-03-26T22:53:20.309535,-0.009912874121510871,0.14753132410758252,-0.40580395718082873,-0.019422081568232285,-0.011826515369578827,-0.9890009691543553,1012.6767151896023,34.17355969468576,53.975148227714854,12.755186501169995
2026-03-26T22:53:20.329689,0.2622710164973998,0.12835849465375623,-0.25693201183804953,-0.022362326849557877,-0.015784181260224253,-1.003833895417238,1012.7031290326237,0.5247451523779962,-22.089712746346574,-4.830252322714442
2026-03-26T22:53:20.349676,-0.37746636179412973,-0.03981719868160438,-0.581616166290827,-0.004117879547158856,0.003443302074920076,-1.0140290434981614,1012.7179079301186,0.8754910083836113,18.982597381312857,37.07696187537878
2026-03-26T22:53:20.368849,0.02233460314846849,0.13762812170769156,-0.2575402976633532,-0.018073179099345704,-0.036318568880368565,-0.999471138324206,1012.7015585886861,-11.164921630181837,-36.672874596256406,-57.566257738741115
2026-03-26T22:53:20.388813,-0.09981609306919771,-0.18664228907158129,-1.2676580031565423,-0.03205879968859256,-0.009283521630649105,-1.0049675464388654,1012.6997978544626,37.43572417692399,-24.732011895060314,-10.594416433525723
2026-03-26T22:53:20.408292,-0.07037641043836654,0.3461290396680185,-0.0032894979503308164,-0.010130107055344121,-0.011027128043391827,-1.0079889721175301,1012.7225721979742,-4.804679330560119,-23.24706705490285,-47.64955157468841
2026-03-26T22:53:20.428559,-0.21556992355471205,-0.10545895488465623,0.02425145356004602,-0.01984489628186809,-0.006478149074885984,-1.0220654079374663,1012.7149107931494,-3.8910656089082485,-2.7553062480881803,9.920758226650094
2026-03-26T22:53:20.448706,0.3296181530715809,0.3210879323885427,0.39845457850130567,-0.013163563570159867,-0.012860515629989445,-1.002797170461415,1012.7620228689419,-75.72022954802381,39.760580510632884,19.593508687180066
2026-03-26T22:53:20.468330,0.2789705532038437,0.40836742922211,0.11199450921108142,-0.010699857987305834,-0.0016239696620067474,-0.9907956391240265,1012.736426680034,-39.545690288459525,-7.395756211572406,9.476302138527679
2026-03-26T22:53:20.488125,0.17036861470538034,0.32617115057347806,0.39199976290333866,-0.029344771195015253,-0.03423434238399247,-1.0071084989610888,1012.731881002788,26.180566383096224,-1.7559303416510845,-43.82051553141503
2026-03-26T22:53:20.507701,0.09710000532657093,0.1805422866993273,-0.08579763301234596,-0.01844668366952062,-0.024192696528406187,-0.9991425026165959,1012.7604198388751,-47.850049178184825,-11.812631821589664,0.8267411380755219
2026-03-26T22:53:20.527676,0.018008709104992318,0.1956123478076906,-0.23921522421138228,-0.020946724350602592,-0.014573112492680366,-0.9967884905718107,1012.7531348980373,-14.636329315449869,-0.026931614160653816,-16.26882030538398
2026-03-26T22:53:20.548058,0.05206193242126744,-0.08311553053157214,-0.11092369225094154,-0.02322150498895139,-0.013798293176686988,-1.0007432737199808,1012.7746021926715,2.1360943927135883,5.332353279617458,-0.372376873569849
2026-03-26T22:53:20.567664,0.08325492476263123,-0.21377936420397076,-0.08648119612634025,-0.023642843551466935,-0.016429914589921477,-1.0155173060917364,1012.7434656305268,-9.560480073659086,7.297994683552001,-14.093600196275423
2026-03-26T22:53:20.587865,-0.04123131037740843,0.33876638250662505,-0.06929173097034826,-0.003984736690257387,-0.013664133014533978,-1.005305937023265,1012.7469537413207,-17.489945836883773,-16.849058948201666,-13.997191012031687
2026-03-26T22:53:20.607653,0.12744486010042172,-0.06660367627856491,-0.057957774132825726,-0.02573439255123662,-0.028213060572317372,-1.0080654745710917,1012.7498130560308,31.491483915765247,32.632659955580905,-7.32648030457151
2026-03-26T22:53:20.627336,-0.06845970098356165,-0.15430854243063896,-0.28302680168085825,-0.0193759370322331,-0.007159765860030368,-1.0018902468950939,1012.7546550632496,7.748676256395373,-32.63144920085354,24.59589678454518
2026-03-26T22:53:20.647293,-0.056113537389065604,-0.0011286394733009495,0.614006020010749,-0.011790089709594947,-0.029140758565485286,-0.9999463013240194,1012.7750236259966,4.199536378879315,-19.619091889589676,-18.074246355999918
2026-03-26T22:53:20.666879,0.1321162611772905,0.2927446917649773,-0.7544149505707175,-0.0021770226106843527,-0.011583628200393783,-0.9928941554173263,1012.7561816732033,16.43595240554127,24.835947072132033,-33.769003708922575
2026-03-26T22:53:20.686658,0.058380453173220596,0.18190870289893352,0.4582557872019958,-0.025301086798708915,-0.021338445124082454,-1.0045774261099496,1012.7825710361653,-21.19185139082547,-20.870113936559164,32.59454205925665
2026-03-26T22:53:20.706178,0.11537876939033964,-0.05850928977352903,0.1330258832378478,-0.01846384401528156,-0.009847597118697527,-1.0000055926705236,1012.7706128657359,-38.006856310141465,-16.929012262635215,-17.229712149523085
2026-03-26T22:53:20.726964,0.12020219203922507,-0.0074980508801952665,-0.6573010610563181,-0.02849019937955702,-0.01937926799964952,-1.014860684247889,1012.7693510989158,-21.11116932822444,8.67553866342874,-13.888444986608109
2026-03-26T22:53:20.746978,0.11933970252725228,-0.1513292718441375,0.017000438541212123,-0.022200176262685462,-0.008214232617332234,-1.0140654740698338,1012.7789636280396,-1.1317741583795295,-12.920937567335,-25.900795222255756
2026-03-26T22:53:20.766699,-0.04288429803045375,0.015729777735656928,-0.41073932291727083,-0.006394445627015528,-0.028615598325371222,-0.9827078587424015,1012.7835082736641,-19.504515300161806,-12.324186296653885,-26.455842093991855
2026-03-26T22:53:20.786784,0.03032427330180556,0.05838812308059522,-0.4040329806443095,-0.026935898008125667,0.0035777063233767576,-1.011286797281746,1012.7999957875164,16.947276272965066,-9.70566237925701,-62.62057360350118
2026-03-26T22:53:20.806739,-0.05933502295958016,0.19180388025163994,0.5086812328562632,-0.03371405186477301,-0.02268384136881172,-0.9927923003518325,1012.8270283214032,-16.333781663473864,20.059811420954105,-19.221221647448505
2026-03-26T22:53:20.826651,0.07327695580262884,-0.12552394183337615,-0.0364801306829481,-0.02994698801107802,-0.0021844385723320953,-0.9912196974490048,1012.7989601332533,-54.05523176075032,5.849722983510035,8.390025182767117
2026-03-26T22:53:20.846896,0.06761429863564326,0.0668614164075699,-0.043822445931807355,-0.05495620608020316,-0.023460681501609043,-1.0071043687975603,1012.8075623086497,15.635533154565463,-25.41112556455653,14.907953621644417
2026-03-26T22:53:20.867199,0.107470623918631,-0.18510836891237614,0.1241519785432654,-0.021079094482810694,-0.013464723872452102,-0.9813158190853615,1012.8096650804575,18.555577082254015,-14.467636551098979,26.87418721537564
2026-03-26T22:53:20.886987,0.11567274318256884,0.19822310826532652,0.102444296738275,-0.052087408229519974,-0.005758926682925464,-1.0036110869475805,1012.8194134610425,41.37590385719068,-4.2388568448404635,15.267767257634802
2026-03-26T22:53:20.906757,-0.07595770756721788,-0.25328190709017334,0.12124471814510775,-0.03209034680123498,-0.0021504076685018476,-1.0054130737252525,1012.8064690150235,7.847343638302847,29.701825715076385,19.4145612505759
2026-03-26T22:53:20.926647,0.1593209139967574,0.2260299394955105,-0.06005428129451021,-0.04218233408825909,-0.008002613655133713,-0.9883541988457629,1012.8129844099647,-11.951985869230617,-18.207667532784225,-1.7533720858621202
2026-03-26T22:53:20.945726,-0.1475559850863508,0.1978286494070612,0.05505214929903555,-0.03131925981536547,-0.017871540414608256,-1.000641297672942,1012.8370655563186,-4.666203389688133,-18.47041014345606,-33.64820481606726
2026-03-26T22:53:20.965120,0.19216475959702983,0.03388289646964471,0.662408115872857,-0.026398424769550656,-0.03390795683403991,-0.9917020264807956,1012.8244565186361,5.131452494881615,-35.210084670666625,8.782092555961436
2026-03-26T22:53:20.985667,0.2056863771576658,-0.1654103610008253,-0.3704223903307106,-0.032125714075105394,-0.013921553472743136,-1.016142892913343,1012.8131784925454,-3.1501964938030045,11.010907167110878,3.7594168633469676
2026-03-26T22:53:21.006325,0.22256762438142264,0.009229946776885895,0.36733299456628965,-0.03299586773447719,-0.03211811995658397,-1.0016403695662606,1012.8604407306887,36.08040065410223,-14.502093883006198,-5.016750081762588
2026-03-26T22:53:21.026225,0.007948939504767378,0.1747827500697592,-0.27386705348417933,-0.01300545787919059,-0.03845193587783423,-0.9955155575284553,1012.8435268006771,-21.28964306867408,-16.684710611016822,-14.646435354255718
2026-03-26T22:53:21.046456,0.20961819637702353,0.26405724064708874,-0.10648568096626687,-0.038036680468063355,-0.029910701487971647,-1.0172655830040414,1012.8409070182528,-7.74540207293194,11.54769038920409,36.498119670590235
2026-03-26T22:53:21.066580,0.022848330085888924,-0.12087785326131478,0.10262668084242185,-0.03596221763823889,-0.04346804789949647,-1.0103587369937845,1012.861675831048,-14.10621262915011,-26.24262652662668,-29.784676467629104
2026-03-26T22:53:21.087812,-0.0779708620550424,0.27456903499038326,0.011463326049042244,-0.02454189905143464,-0.011010380258548173,-0.9936403027075206,1012.865964673234,5.222301690948833,-0.8713698177994444,-74.01714028941048
2026-03-26T22:53:21.108260,0.041487493820899196,-0.11017449021468086,0.2705885048837816,-0.029123355120200076,-0.026279673938648003,-0.999600681205418,1012.8424318941961,-32.979674199177865,4.8654832256126275,13.694019650376923
2026-03-26T22:53:21.128209,0.05622773436956989,0.145016671729707,-0.725902827407626,-0.027839243006560502,-0.03703617588857337,-1.0087924332097926,1012.8287515845416,12.729881310840033,-13.357344419562155,-5.171368219763558
2026-03-26T22:53:21.147826,-0.06754939357866621,-0.014102530848027666,0.2204730963780799,-0.04073335888264656,-0.021047918734707446,-0.9986803750538876,1012.8667767516747,10.698714725289483,-1.652729811398348,26.957330553059034
2026-03-26T22:53:21.167184,0.07105931913424392,0.2209409055269787,0.384561289827608,-0.029216267107008653,-0.03136210876676015,-0.9923610428493437,1012.8701925503007,-25.76835226658347,-26.904171838599456,-17.89295596487444
2026-03-26T22:53:21.187265,0.2399138521056687,0.04476070209635062,-0.5117162820184114,-0.0504265870265546,-0.029355348440452803,-0.995218579601138,1012.8562621674677,-24.29645392487338,-29.294227183482846,-13.808209828449009
2026-03-26T22:53:21.206963,0.2766153683850743,0.24584092070430058,0.38425841170817676,-0.047624022727511504,-0.019368946801666898,-1.0120245809878567,1012.8760584561668,-17.65464975378644,8.806016591663715,-32.29155052862805
2026-03-26T22:53:21.226394,-0.488414720817245,-0.1990874551808807,0.4698978125293471,-0.03797968554184345,-0.03775236285395294,-1.010976781519253,1012.8928232104855,-10.370965844073615,-3.996837437156003,16.045831725561186
2026-03-26T22:53:21.246135,0.47965017662608106,0.4626978840885238,0.09960424387742907,-0.023269544069932986,-0.04520271209112821,-1.018128631698526,1012.8674401700504,-32.0632533319905,24.308169642953274,-3.0326430611961857
2026-03-26T22:53:21.265702,-0.05709780982111848,0.14137925836315077,0.22889376878698403,-0.025034452030626923,-0.03409443569980585,-1.0105792349245737,1012.8751817035723,6.246499224159548,23.570675306376263,-9.37889319263513
2026-03-26T22:53:21.286377,-0.06943804588486803,-0.08460435280845488,-0.392193729640556,-0.07096838077169633,-0.04117365207370393,-0.9909950429449199,1012.8501657672706,24.779633921990992,13.951618885037265,20.30230541894951
2026-03-26T22:53:21.306730,-0.115193450134488,-0.06069673875058901,0.36447854333925533,-0.04045072369608839,-0.038836102094243485,-1.0014009555327632,1012.8789258771267,-48.14575254773789,44.6611938098834,11.772262698881828
2026-03-26T22:53:21.326727,-0.015709360610713055,0.2815982141800283,0.00586207404434402,-0.034581123047268895,-0.047770100164291625,-1.0051403967058514,1012.9081600987416,10.925576699697478,-14.515887602308853,11.833700557254991
2026-03-26T22:53:21.347319,0.12408499578496444,0.1093861029822329,0.47028682019997814,-0.03235085324074244,-0.03706545195470333,-0.9916919178635543,1012.8807981316535,27.275355152792724,-2.9755956121773868,15.70861256282493
2026-03-26T22:53:21.367350,-0.32453842348563533,0.18022745081556973,-1.0804128900755299,-0.054491561119960535,-0.03560329960033589,-0.9991958019686891,1012.8901324678485,67.52785166820829,37.740681775692835,-6.864263312678817
2026-03-26T22:53:21.387005,-0.02101882126808916,-0.010788624031468323,0.09892298164627966,-0.04370431714551168,-0.040467385413811424,-0.9963826010435375,1012.8953057292578,-33.17712707149108,1.2038785134481702,3.732029622870321
2026-03-26T22:53:21.407614,0.05315615979599992,0.2682118504371723,-0.006517830709765492,-0.053419000247185044,-0.02389833214376557,-1.0015985882544947,1012.8930531300354,5.034243384480568,-2.18524948215531,30.572289869129605
2026-03-26T22:53:21.427830,0.14433232939683424,-0.05289320167529314,0.27329965877340734,-0.03888198205451428,-0.03488265770582265,-1.006682719470763,1012.8844483914309,-68.5604155657557,0.34992164059740083,-11.850230553093201
2026-03-26T22:53:21.447415,-0.2652222191851305,0.07158939776266617,0.5707861510401155,-0.06004214426303946,-0.04262248049990253,-0.9983115835016894,1012.9223144080144,6.71299779116735,20.45056138627528,27.009049364921033
2026-03-26T22:53:21.467339,0.1651672890698486,0.15100004045384682,0.3338887698017797,-0.0349077409451104,-0.03986530564866443,-1.005137702142975,1012.8924893195484,46.91754363052845,0.4952533088631652,10.296817308625362
2026-03-26T22:53:21.486989,-0.0607809657129417,-0.119963366295399,-0.2679432259804593,-0.03539343285756391,-0.036076942489654214,-1.0009347418764742,1012.9398105017877,-13.395058716417346,-33.9491642909387,-20.000595582791984
2026-03-26T22:53:21.506436,0.37540549924989286,-0.34558944830982247,-0.4678777164135803,-0.049315129807078306,-0.021269933169828704,-0.9861539125057817,1012.9072173948567,-20.39428048918401,-11.5573575497535,-7.8898075753134025
2026-03-26T22:53:21.526806,-0.4256289949652059,-0.18997413099265692,-0.19526005265292004,-0.05461880656919856,-0.03521781567927575,-1.0049793834601006,1012.9004621591674,-6.482410872827145,-28.06945529431888,-12.655475691554848
2026-03-26T22:53:21.547570,-0.2529027022444553,-0.022578747219283032,-0.3219074961699091,-0.05837353046688055,-0.04418265866735003,-1.0062960514577928,1012.9090372661099,22.37121599341945,10.305414157944705,-2.147589455080366
2026-03-26T22:53:21.567010,0.3303165530610266,0.10022666218402976,0.3899579698230024,-0.05509461581502557,-0.027320222018338853,-0.9962500716113529,1012.9174684823763,3.034444465137832,17.058088377071744,-20.322792785298645
2026-03-26T22:53:21.587236,0.22965440612609803,-0.2773202396610007,-0.36496367858515205,-0.055757835107465924,-0.036601258079746714,-0.9923643474124569,1012.9355601578001,5.429979292813549,-17.942170161464034,84.02348698933619
2026-03-26T22:53:21.606975,0.016045126464549364,0.029844336059916717,-0.15809733849231858,-0.0566976319890495,-0.046978186591059866,-1.002360836006211,1012.9350012513526,-7.133195840502573,33.77786936480143,34.18781193863704
2026-03-26T22:53:21.626780,0.28410615370881565,0.1541147602295783,0.5935184351921023,-0.06831700385201007,-0.03661171221206952,-0.982065204646479,1012.9390123525291,1.040276379588479,15.862054268789615,-17.432922195835783
2026-03-26T22:53:21.646544,0.030697582015662542,-0.03822636392752804,0.2840291714299313,-0.039097448947432833,-0.04707956837668483,-1.006391345057969,1012.9568347737309,-11.62427364440717,43.11710488711606,-32.65563422308635
2026-03-26T22:53:21.666198,-0.04004557389467113,-0.21444370077758432,-0.6482712857709516,-0.060510481101589506,-0.06093060882824505,-0.995298110991188,1012.9422610379478,-0.5028778251756407,24.564239616607832,14.199338761826436
2026-03-26T22:53:21.686217,-0.2736274602557438,-0.03249488097777743,-0.039272042129018914,-0.04647997612516958,-0.04698603413384971,-1.0118890216980962,1012.9406506826812,20.97308362688844,19.111285949301788,14.697871479287226
2026-03-26T22:53:21.705885,-0.4674551674894617,-0.1596620824730545,-0.25092872169522906,-0.06378484911132565,-0.04478875669123365,-0.9923003259236173,1012.9450808537377,2.666277023078535,-19.888336104379146,-1.387836085571935
2026-03-26T22:53:21.725993,-0.20614460186294303,0.08361435575782583,0.25294902879002074,-0.04906823061496656,-0.055751195455638,-1.004079801598114,1012.9746514156739,-19.551113134875088,38.20014019237591,-8.29196071802647
2026-03-26T22:53:21.745973,0.060064129786142624,0.013874040739935652,-0.23201963196458908,-0.05261117376247433,-0.06868924567157572,-0.9937363395347955,1012.9677607945308,-1.1479757790272265,-12.592618271966781,-7.992119410989368
2026-03-26T22:53:21.765877,-0.05804122386469161,-0.22417819420900803,-0.1233448037707355,-0.047848452364687884,-0.04404332031031868,-0.9998238419456257,1012.9670161043983,-83.32814486576589,-14.561648462221974,-2.5008687139913723
2026-03-26T22:53:21.785514,-0.0006619659166482057,-0.32932929938740235,-0.4583593585169536,-0.05103424149559004,-0.04633320363436017,-1.0193857237589141,1012.9622131346201,-4.982593177556371,32.109912210921955,8.828073779889804
2026-03-26T22:53:21.805284,0.09716883391115892,-0.2712829652994761,0.2629922741474723,-0.04618341628609683,-0.05614066390656309,-1.0031791110753687,1012.9402448426404,-9.996647732483268,20.85249047734805,23.56870214005716
2026-03-26T22:53:21.825586,-0.19476085245612104,0.4935909154183292,0.26890945570637037,-0.05373519108273014,-0.059149804507228815,-1.015696288022506,1012.9631076478387,47.64850129443042,20.94055089904186,-19.02053508359027
2026-03-26T22:53:21.845786,-0.2903473915254688,0.6633528088989713,-0.031418146275916686,-0.04182942231499935,-0.05084106807841006,-1.0031071525558861,1012.9741507457593,-8.436574239443779,3.040843887146218,-6.563032996182657
2026-03-26T22:53:21.865395,-0.019921938840225945,-0.08780537270578447,0.5945952530860231,-0.03150097842774188,-0.05557944783708976,-1.0091636117516611,1012.9572952695356,28.985349643243502,2.893116581837112,-32.47994357290147
2026-03-26T22:53:21.885435,-0.08425329350815715,-0.1133030471182192,0.01612153778475272,-0.04176743522881291,-0.05412699480989176,-1.0012118663847283,1012.997244153731,-59.85764364836961,-27.321015420728695,-16.185547993815174
2026-03-26T22:53:21.905736,0.2711535435686016,0.25647017398202665,0.0025774084377629056,-0.047569734532157404,-0.051229368989011606,-0.9955484522135865,1012.9761139306512,-12.178944058031151,-16.377762850610686,-6.529055215671165
2026-03-26T22:53:21.925068,0.26364535399954964,0.37673066424671287,0.07606184441466328,-0.0365348854977086,-0.047290257317431396,-0.9918687648453826,1013.0018732861864,27.19784279229345,-8.581685998328156,29.125465943203864
2026-03-26T22:53:21.945285,-0.2676526027006039,-0.0035104934848171733,0.6399977577075527,-0.031984781967835496,-0.05363717633397751,-1.004306486216191,1012.9851738577415,-8.022919220191454,19.83201694344247,20.620055759993072
2026-03-26T22:53:21.965020,-0.17276266819120384,-0.15928623064111583,0.16104583136673387,-0.02792057775817567,-0.08199968564330622,-1.009981134177532,1012.9785730833606,6.9688920809180654,10.053940681449703,14.416583244371907
2026-03-26T22:53:21.985248,-0.3037719793296568,0.19909946908242765,0.584337799211238,-0.05446699485738078,-0.04662117320619448,-1.0041265439735034,1013.0168530459541,38.6492019553962,4.86194719701616,15.157387872394127
2026-03-26T22:53:22.004943,0.1927275061728747,0.04206629255806241,0.5442560975400882,-0.05202969621495906,-0.0424630477909436,-0.9947677148933085,1012.9854806304162,5.297352564464657,-36.91136894305836,35.81719575469471
2026-03-26T22:53:22.024221,0.23639598611326695,0.09121596988742786,0.2285931436741605,-0.03281204409900912,-0.05442155572205705,-0.98577673122418,1012.9862695084234,10.281433992611529,-50.18122795700846,2.4977061158109857
2026-03-26T22:53:22.043570,0.3307623197411489,0.21930814829561854,0.022659079281251097,-0.045062380685957346,-0.06333161463034731,-1.00940569933298,1012.9961987370999,4.337887618429187,-6.041274684961664,13.787931322033913
2026-03-26T22:53:22.063589,0.01377924076116923,-0.11221364061281784,0.15529847029193622,-0.03577619684191446,-0.052719017080345765,-1.001891517221096,1012.9989941255759,-13.713631472406377,11.863047541914943,29.94316456200617
2026-03-26T22:53:22.083693,0.10206854709837902,0.1173265279492782,0.457521936265706,-0.047265368068622506,-0.044371163614787656,-1.0021001410677495,1012.9987266262483,-15.435392614570384,-23.42346715424472,-8.153296441231884
2026-03-26T22:53:22.103331,0.2682642378047739,0.00846315464164724,0.371886207878024,-0.04120497184927777,-0.05649887570811079,-0.9745629889667216,1013.0148142964289,-41.22001478311478,63.23170550120824,-15.213374012785366
2026-03-26T22:53:22.123587,0.03027926763512838,-0.10241745683793234,-0.40612650422202135,-0.06703253127263958,-0.0358117522921136,-1.00905939541542,1013.0088746113215,-20.403856883449645,5.8002723208836775,-32.49203962739359
2026-03-26T22:53:22.142922,-0.17390834597435542,-0.0674006264707652,0.037867929263780305,-0.04177077059869605,-0.017398414365816524,-0.9931076347286181,1013.0370513005477,-9.035770360259074,22.740422275813284,4.968496594284217
2026-03-26T22:53:22.162896,-0.1844847922560519,0.44218708304861454,-0.7044335469354297,-0.0488148129872234,-0.029916644275177394,-0.9996881149808614,1013.0539729240419,-18.777621440814702,-15.521370189084136,62.25011690593408
2026-03-26T22:53:22.182411,0.08267204218886075,0.20270165470965615,0.09693667397784264,-0.029030556290932843,-0.044032676449558855,-0.9739406237744218,1013.0393551423263,-1.5363897061314,-6.135267689113304,-5.687820457306942
2026-03-26T22:53:22.202151,-0.5845409579634558,0.10935153033639652,0.3131518379438436,-0.039622572340131175,-0.04222427366459106,-0.9830876936898254,1013.0484132007264,28.365553455505008,-1.4591009160892412,4.749929318487223
2026-03-26T22:53:22.222170,0.34607940793244446,-0.41712797289404463,-0.25004028295494246,-0.02643322808716534,-0.04491341012694983,-0.9955958957985064,1013.0303393484568,36.3458500352387,27.474978708126844,12.60920847817154
2026-03-26T22:53:22.241825,-0.11505666994413598,0.028405862842594116,-0.2756786347865854,-0.04879249592194426,-0.05212348129531344,-0.9826514561662597,1013.0151994163084,20.7747104078259,-13.297862449069854,-2.8984525008046425
2026-03-26T22:53:22.261672,0.4325468014317899,-0.4040683170481917,-0.29401682476298296,-0.055214728543950764,-0.04741036236365669,-1.0113586037406943,1013.0294958235311,0.12227058032546378,-8.968613291639851,-28.08722227371719
2026-03-26T22:53:22.282074,0.02744989500255862,0.24502719655707025,0.22926330328415023,-0.04568328616421799,-0.04910950586891873,-0.978770083587359,1013.066982081896,27.55331344450635,-69.83330835802234,-8.092415717734085
2026-03-26T22:53:22.301843,-0.08227233412784928,-0.09246475600667889,-0.3795196491053798,-0.04101469113715682,-0.027645956023283437,-0.9835120703790979,1013.0289357029527,-16.052597918821647,-30.65243589170634,10.217130844196282
2026-03-26T22:53:22.322178,0.32173728097862125,0.11127927493739288,0.32603078284743126,-0.031255568405685635,-0.03574648291171394,-1.0150322703607821,1013.0527958364828,-19.265675149719467,15.710908128523327,27.66924161251738
2026-03-26T22:53:22.341726,0.0712125673813581,0.12565892461630754,-0.642046961956629,-0.013293418368843173,-0.0408014779213539,-0.9871858306419583,1013.083799808612,8.986757040670758,-18.23195326826165,-21.66188012448913
2026-03-26T22:53:22.361938,-0.24802509029282532,0.2951379618329508,-0.2514385836905433,-0.032271140556660395,-0.05241244352941499,-1.002238381178277,1013.0690961016212,12.946415636042275,34.0366488780563,-13.004714663993589
2026-03-26T22:53:22.382514,-0.026031781205232196,-0.14635266145792805,-0.018800706785716794,-0.042027762826867265,-0.01783995342372217,-0.9892373765778385,1013.0666780358846,-8.790504047245506,48.93978328864118,-31.161570369189157
2026-03-26T22:53:22.401526,-0.011483592350508085,0.18264878338588136,0.2708368845288677,-0.031040826893566412,-0.04425900707434916,-0.9996809337365217,1013.043092360146,10.184146138347083,-75.73918019244151,6.966138642093354
2026-03-26T22:53:22.421207,-0.04033797228689947,-0.1115852380304474,0.5214407030782044,-0.023319202749915766,-0.027727712397945053,-1.0079160244377356,1013.074949893727,2.094011624220184,43.33052279811486,9.812396414485331
2026-03-26T22:53:22.441438,0.029090494865057968,-0.006053546335177698,0.31778493784869183,-0.031096003730420752,-0.03325609265770013,-1.0160125367612627,1013.0585512777116,-4.977631641501662,-25.841071139779082,-0.36126114190387637
2026-03-26T22:53:22.461357,0.1056503790318656,0.26878743622357393,-0.2386583665573185,-0.04930446291346617,-0.03382214229993377,-0.992912654541278,1013.0655865031939,-36.06071353338464,-1.6179358461952218,-9.225733205459939
2026-03-26T22:53:22.481505,-0.07707981938553701,-0.21852470515048297,0.11977419948061649,-0.028545999510099222,-0.04964204529798122,-1.0170269460776364,1013.0918782257908,-16.703096447144663,27.91598187483409,39.549643336356226
2026-03-26T22:53:22.501263,0.014482233152781646,0.27368229971335195,-0.19375109070238342,-0.04232221729093017,-0.030812255740257664,-0.9828305947204343,1013.0627207604728,-46.95737699282393,-18.877108498434357,42.70048040985296
2026-03-26T22:53:22.521298,-0.07745022088420621,0.023855397468274406,-0.19760418759600284,-0.029044035932602547,-0.046783273735658396,-1.0035965588576212,1013.1015775237182,-35.85764070558615,5.5008253157087905,26.31362004004714
2026-03-26T22:53:22.541236,0.32412942318674937,0.13913115840563617,0.3089772451611984,-0.03901987654920651,-0.06073173730627863,-1.001199871475661,1013.1018988399195,21.943211287634792,10.656867320198929,2.497556449292398
2026-03-26T22:53:22.561703,0.2579341038078385,-0.21356315102380807,0.355271849793416,-0.03681227586958053,-0.06069166010199624,-0.9911940452633861,1013.0973308946463,41.704359161515036,0.06821692975846771,-20.983226982081312
2026-03-26T22:53:22.581805,-0.31015508594224533,-0.27921723340513827,0.033543273833711196,-0.03749795034316325,-0.055881905813284644,-0.9939190951852191,1013.100511842173,-0.8658766276529013,8.725122367915755,46.36595596996092
2026-03-26T22:53:22.601940,-0.09544854355151074,0.02440906179702075,-0.018027160040377008,-0.023731839463612743,-0.06114197370068289,-0.9905573272971588,1013.0992068796008,25.524623771331886,-32.60152753168228,-57.60144477082632
2026-03-26T22:53:22.621775,0.09807102816151675,-0.10291267182269603,-0.905509450647381,-0.025145637191477707,-0.048972037096689,-0.9859566745142305,1013.1062458299964,-6.244102114566784,25.85536217746184,-10.3174966646058
2026-03-26T22:53:22.641580,0.3374625891059499,-0.02408777001940183,-0.4270451068133979,-0.02521830168403327,-0.05846196796890273,-0.9921663586106618,1013.1160125828413,-1.9752474914922615,-55.4493418793985,7.909511356312046
2026-03-26T22:53:22.661407,-0.16249353301981678,-0.060730514632809915,-0.5852426213772726,-0.011717936662522969,-0.05196952751676961,-0.9942568994407696,1013.1032857403441,-5.167124179425273,-7.4595181462927345,6.9723661126424465
2026-03-26T22:53:22.681565,0.026395252057920704,0.01938374755055428,0.32912128458536755,-0.02328523194407976,-0.052975196164898666,-1.0017908427917144,1013.1053878696823,-3.3050014718646255,-8.568782410879445,-5.032425864080951
2026-03-26T22:53:22.701396,-0.04607150375358822,-0.06642530614734743,-0.07408683567975627,-0.0280123900693879,-0.02740424341180675,-1.0076893501525284,1013.1350774199879,-8.5623426938295,7.145408897032035,-43.256078356172196
2026-03-26T22:53:22.721512,-0.18623654566911188,-0.037939441236281374,1.0570704626350886,-0.017588694924827175,-0.059346984372752196,-1.021303195881406,1013.1221825888593,13.28811892308955,-45.022476830161445,-17.7515399834852
2026-03-26T22:53:22.742342,-0.134374270138725,-0.2101414629736144,0.12841271417101002,-0.016394468443849917,-0.06061538687629756,-1.0000432507921577,1013.1191040427003,19.059158024634016,21.192957071156194,13.833558857803668
2026-03-26T22:53:22.762691,-0.11330026731407944,-0.08922709249359088,0.054574329146812456,-0.012421210400506276,-0.04414445840300034,-0.9973527251515174,1013.1175796730643,60.71329735951118,7.692207941632137,-15.797001009592249
2026-03-26T22:53:22.782560,0.19093008861569913,-0.06596061005067555,0.1290286157787461,-0.022341709255341156,-0.028471554228184336,-1.0025775123083107,1013.1583670987134,19.51008079197905,-14.132471096046837,-16.55465549670449
2026-03-26T22:53:22.803041,0.10072281472831017,0.41245518971140527,0.04207640103286218,-0.011508484424332088,-0.043510478035323,-0.9905761643795048,1013.1189954072139,14.142114799469702,-36.11230945201006,-21.142314282863847
2026-03-26T22:53:22.822878,-0.5906584260758768,-0.1578184819265484,-0.17236847829678786,-0.011880758449865263,-0.07779112289359079,-1.0023527458420312,1013.1564100332648,34.34910673517587,10.068160525859254,-21.336066719860405
2026-03-26T22:53:22.842062,-0.1898162146596806,-0.15654569065075713,0.04223474208096591,-0.023438364750559527,-0.053669031705939854,-1.0102859111041869,1013.1031077952928,1.6527757906643843,38.74283673941303,9.109262777247743
2026-03-26T22:53:22.861659,-0.154158955788249,-0.12446723540640624,-0.5265453515519942,-0.023843024618943377,-0.06840639168218152,-1.0078548239796052,1013.1806474334877,4.779157615560298,-35.145372859859954,8.403703749169434
2026-03-26T22:53:22.880911,-0.05107539399186038,0.13741409034824606,0.3111203071885701,-0.03803851401857849,-0.06013603284456767,-1.0232853930361394,1013.1760896504554,1.624060109378246,22.360063940364473,63.14528169335427
2026-03-26T22:53:22.900770,-0.17987002231236382,0.09954586767212162,-0.4501869327705123,-0.028330137680867146,-0.07016996625432492,-1.0022439855593168,1013.1396271379218,-2.127937792550998,21.08540731655934,-3.0241738485073717
2026-03-26T22:53:22.920778,0.001603914956716324,0.01322705573832758,0.09392763302939722,-0.009449086095051917,-0.07201539022039675,-1.0016354592363295,1013.1511502253112,14.941748583561825,-0.7395518811739832,-9.714125202997774
2026-03-26T22:53:22.941448,0.17883139002412501,0.014353971243797314,-0.18663696448887426,-0.0229091550358455,-0.04606130855765217,-1.0048684045555887,1013.1640112773409,15.131577518940242,-18.042493201876212,15.432804759606599
2026-03-26T22:53:22.961579,0.24125682752208746,0.20395385188188256,0.2185699145045548,-0.022538131250289452,-0.04948203933692522,-0.9928956088821419,1013.1785227778776,-28.5225509587021,61.3619701597688,-35.60871811800151
2026-03-26T22:53:22.981491,-0.006660906952987735,0.2723646514154388,-0.2626792589018291,-0.012258093043995624,-0.06344841334426433,-0.9997678170241449,1013.1516526710068,-6.890380639756127,-58.259321723843684,42.86150031693087
2026-03-26T22:53:23.001823,0.17094737189808135,0.3454788618391541,0.12247701543577436,-0.01599141897813832,-0.05444078608497231,-0.9993660166664996,1013.1642639669424,16.040158962793207,8.385457470257398,24.942517368844513
2026-03-26T22:53:23.020939,-0.12279747116537995,-0.022155128348153946,0.11763524746265198,-0.0057527015626777835,-0.040284440038612104,-0.9877168961755582,1013.178755399466,-34.59639966800948,40.02229556872719,-0.7950429634592064
2026-03-26T22:53:23.041033,0.053635116508568205,0.14603112243453295,0.08684737115451288,-0.023002811432114866,-0.06295159394823577,-1.0046566662855394,1013.2001961215811,8.34222079074745,-8.28187881849298,11.91976468363622
2026-03-26T22:53:23.061341,-0.29134656710741597,-0.19759972231789152,0.20399389805001072,-0.009502538303467888,-0.0385903366361459,-0.995832344343127,1013.1923381478163,-0.5899037989573399,11.144861026272178,41.415351235588936
2026-03-26T22:53:23.080750,-0.002176131069343277,-0.1498015423998871,0.6452958241956167,-0.0038125717103911338,-0.043689817259608875,-1.006940798854249,1013.1544859335628,19.450774002567474,13.155225404737708,30.405512676379324
2026-03-26T22:53:23.101207,-0.05253139413419722,0.14327776064471096,0.11244946852065038,-0.005236536815842378,-0.0565480513013701,-0.9990666610184576,1013.1907397621579,33.31589292880067,-14.907204696801978,17.24245479125924
2026-03-26T22:53:23.121343,0.23314340628969393,0.10436577677608949,-0.44647190796357034,-0.027372168741996585,-0.051184183254086385,-1.0005557067432227,1013.1868607443924,-3.830344049871192,50.60483749708188,2.2769675607556494
2026-03-26T22:53:23.141177,0.1115447250882584,-0.054408221454770936,0.3083912059281563,-0.006832383989249817,-0.029591905461432193,-1.0037994828877206,1013.1828636688243,3.913913923757347,12.212574072477855,-19.477361322789058
2026-03-26T22:53:23.161430,-0.050102203138826185,0.19099782878196156,-0.22285570964827534,-0.001934689381610389,-0.0385652827863824,-0.9963711510731326,1013.1908110347763,-3.7194507802525343,19.812624806703827,28.83052531135848
2026-03-26T22:53:23.182338,0.08464202147031322,-0.06580546487519941,0.19347976613274323,0.00653592448074284,-0.032445938399847274,-1.0097108210856214,1013.2171155167077,-1.4031366690134908,2.0335785564585027,-23.275108091259504
2026-03-26T22:53:23.202411,0.3313668720428889,-0.06008212138594468,0.30058232637391513,-0.022887943347785322,-0.04766006550816029,-0.9955932101781463,1013.1893523188746,26.510502187593648,20.534185666822907,-8.266274790191948
2026-03-26T22:53:23.222510,-0.21329155126742394,0.15018844091000483,-0.35974791247815235,-0.03224930932781566,-0.042215744020600514,-0.9873834449813707,1013.2117332741984,2.3258075161887652,17.851809074589724,-16.96985183997115
2026-03-26T22:53:23.242326,0.023093023125967838,0.32205246457010694,0.2852735341238754,-0.013954824346694102,-0.03163103344488913,-0.9968502840604314,1013.2137900842115,-17.590180004217217,-1.9830247609312597,-2.390637461630918
2026-03-26T22:53:23.261986,-0.0963969648940988,-0.37585082048111,-0.11218705685294503,0.018855727819766882,-0.036514438298328636,-1.019529326364365,1013.2217301043542,-49.99694868809228,-21.635152344283835,-38.50901305212039
2026-03-26T22:53:23.282318,-0.26626214255939473,0.11377151628763216,0.7882404270210828,-0.008940600721477919,-0.03898267532795024,-1.0001225559440203,1013.2058447312266,9.924040113335979,-10.499211954814285,-36.18412952746919
2026-03-26T22:53:23.301976,0.17259383434040934,0.15294455573853918,0.22185970255787898,-0.007088592667938384,-0.028610016764696537,-0.9965496186594549,1013.2231091450809,-16.78040606933709,4.511512004495502,-21.691753729236865
2026-03-26T22:53:23.322005,0.10945439162135676,0.3088381615051192,0.3223920593227131,-0.005213233628259163,-0.021913413579333553,-1.0123118066634083,1013.2099813486932,20.499105768740655,14.85280493408772,31.98414280489594
2026-03-26T22:53:23.341814,0.25859150395712105,0.256885791577291,-0.15412648779405297,-0.01993861140904949,-0.03849687562721138,-1.0208542867654096,1013.2316091407508,-9.599639771316628,-1.6557480682685952,0.8240814555251763
2026-03-26T22:53:23.362005,0.10153646535965706,-0.10792330636466387,0.5525894984615349,-0.0006872433496181996,-0.04082537229205684,-0.9897837355053141,1013.2223292762071,-34.29856912899376,-2.1330010209593055,23.690836275509234
2026-03-26T22:53:23.382139,-0.0018021746726948167,-0.01813431364235823,-0.20129102043991762,-0.003794776484767438,-0.03675875653416371,-1.0076909935471665,1013.2307471944596,57.208042993199584,-18.90441988572281,24.631313259814796
2026-03-26T22:53:23.402554,0.19779154193583204,0.325236146236606,1.1972278576990854,-0.017228196922458652,-0.04124460592215355,-0.9925949192246336,1013.2361582879568,5.928967238728017,-16.396225367427505,10.828031464639134
2026-03-26T22:53:23.422350,0.1853290398212887,-0.3242112447785356,-0.2645049248099097,0.004388524062502587,-0.055057510785922845,-0.9754187773600854,1013.2542526401977,20.08006937714507,29.599895536421375,-32.29057823748565
2026-03-26T22:53:23.442242,-0.09617103094413873,-0.2897547376250042,0.07758563579405574,-0.024669939241479245,-0.04472000401309026,-0.987905167447892,1013.2353899918336,-15.444524959313084,15.91945485930309,-22.6239342381917
2026-03-26T22:53:23.461850,-0.2238896829585889,0.050142903544817055,0.43064965350242207,-0.02526225914481402,-0.04065209522070147,-1.000699046216992,1013.2322881033642,-5.713789469493208,6.890127320341863,6.320292092841308
2026-03-26T22:53:23.481672,0.16700205318809558,-0.01612926203837771,0.2624000618034544,0.013226988674448407,-0.046885249445841166,-0.9925220490588671,1013.2445750702348,5.820808529374148,-35.2534594636394,-8.822082120603158
2026-03-26T22:53:23.501823,0.3334176485807203,0.20778554453248027,0.5280637670857422,-0.011490245814401674,-0.056651590584446965,-0.9877605857558271,1013.2668911268825,-8.927630202849326,-15.714668606862652,-19.96683884056293
2026-03-26T22:53:23.522126,1.2281284856026766,-2.5033038708986894,-2.5139488933074867,-0.005777844690417627,-0.043922988425450116,-0.9860846665475536,1013.286252171215,40.60567907239981,62.70509820198915,32.6150019290333
2026-03-26T22:53:23.541757,-3.9169642294059095,-1.1500187686443586,3.2221275036349315,0.006034850440907355,-0.03804120687791553,-1.0074310812551195,1013.2541312774481,109.29802281036007,25.23702769142703,69.6350188867739
2026-03-26T22:53:23.562105,-1.2258435541274828,2.8618499590237634,1.306471523333459,-0.005878125944258258,-0.0320941115035495,-1.018909113241273,1013.2567495904827,-72.09515648446668,-145.61224437151157,-22.428329949670527
2026-03-26T22:53:23.582647,2.025873136202375,-7.054767035575954,-5.048268578046592,-0.016269618535255957,-0.0406168829869599,-0.9940241053921096,1013.264914026877,-18.590001423435087,34.52616441951678,28.852356308130425
2026-03-26T22:53:23.602813,2.3186684502588784,-2.748604101894498,3.608954666814166,-0.010196178188622899,-0.046776220156761944,-1.0063164677632397,1013.2375152167504,12.17297121616583,-2.512015892447008,-39.90374985206126
2026-03-26T22:53:23.623563,-0.5778154603005783,2.7859773119054,2.4765710576050037,-0.010756647834578885,-0.049327934007606974,-1.0226212298133053,1013.2600924779545,-30.07367211372326,3.0182909955260047,-33.89937509520721
2026-03-26T22:53:23.643254,-1.464519631263028,2.262294683444769,-6.539720763913245,0.012082124508489778,-0.03808693372225701,-0.9936448128778997,1013.2679214030861,-15.442694592109506,35.223740092474365,43.89123554910193
2026-03-26T22:53:23.662756,-2.8429553863694728,-2.521368544436759,0.4545689825770676,-0.0007846134388059,-0.05178876476062894,-0.9933709025901857,1013.2694760113949,10.107635155325125,-109.34472910542998,26.782463524980315
2026-03-26T22:53:23.682045,-1.0671728540201912,-1.1722961289950329,-0.0969101211829624,-0.0028610789156580927,-0.027758662582857987,-1.0054999908543887,1013.2564325911051,-20.00414965729012,-84.20383587531813,-33.3258889970271
2026-03-26T22:53:23.702643,-2.309745027580794,-2.073495970709487,-0.4300394302739596,0.011301421439539753,-0.0301681631299469,-0.9852819180985921,1013.2503918591244,106.78554276291128,-9.70968563086467,-80.17918744200111
2026-03-26T22:53:23.722905,2.0668728981555224,-6.806046937036477,0.6228695762174051,0.006357316032218683,-0.044996081745973276,-1.0006539511854222,1013.2299251987062,51.33768534034714,-49.761432059367806,-50.70518637299406
2026-03-26T22:53:23.742883,1.8279206586698113,4.549464834621575,-0.40818600481304496,0.013162065737994156,-0.058676852407592836,-0.9962600842693501,1013.2553815604467,-32.66084992626031,10.587631057605583,76.49079984942226
2026-03-26T22:53:23.762995,2.609831934799355,-0.9481532145012467,-2.2233014072415687,-0.009224915319723552,-0.0684369542439941,-1.0108058740979118,1013.2538494722784,-43.24786345873437,5.294120548483843,-14.94149575703121
2026-03-26T22:53:23.782544,0.999463103063733,-2.3172208713723634,-0.7868514754584393,0.016160631903343377,-0.03465700031306651,-1.0148440113642887,1013.2680529661325,18.238549780654,-12.563686270780249,13.254688881065857
2026-03-26T22:53:23.803523,-4.302539488744459,-2.5485497094645697,8.055639785823221,0.003980853630836673,-0.059411774076483376,-1.0048889737467577,1013.256315770312,-47.84062433646946,-71.38932975792466,18.6291410009245
2026-03-26T22:53:23.823574,-1.573185914088098,-1.2609053784281317,-1.8032621043957178,-0.00031692549170645986,-0.0399461990056726,-0.9930463405363311,1013.2572587048941,52.180130404487855,-18.289386133205376,-108.15608636325048
2026-03-26T22:53:23.843618,-0.4682907234031491,0.7881747998370539,-0.9483416831460154,-0.00999407186103276,-0.03212483915130805,-1.0081849180197253,1013.2695083862633,-17.722238112048608,25.506814980316943,91.00359515323761
2026-03-26T22:53:23.863908,0.48210176665231125,1.0677759533515334,5.711413649201879,0.018556945075261802,-0.06672416773905443,-0.9952355150216554,1013.2313351061291,-13.561496875227663,-24.132568543769526,31.47571954196352
2026-03-26T22:53:23.884101,3.187106498181267,-3.1719515591654623,-0.3383243006651041,0.003583069523632795,-0.05874047533557033,-1.007537193206735,1013.2720627845073,17.28232003300507,81.42627642481668,-1.1996673625603709
2026-03-26T22:53:23.904190,-4.287811430848213,0.3344495077083711,-1.965157467750605,0.013045200011076652,-0.05425536525315783,-1.0093361158015606,1013.2406670538622,54.83914178749781,44.97303465831738,-11.650963736203556
2026-03-26T22:53:23.923874,-2.922823010756776,-0.4005269187883469,4.885936651829066,0.01017809981171889,-0.06576115116941668,-1.0060259079024703,1013.2663266323686,-0.6041563191070511,-26.37431015364847,-92.11685563637396
2026-03-26T22:53:23.944063,2.530083554564838,-0.4571807022153246,-0.030742152964965817,-0.0027664381400459457,-0.05304189265385579,-1.0020586516980483,1013.2567279924197,28.838411584420736,126.64240650203912,52.72527851802164
2026-03-26T22:53:23.964816,-1.6431983731298363,-2.3015928491445834,2.818866025869109,0.00625105771379828,-0.05990523814493956,-1.007985797890228,1013.2583772708954,-64.58452540324731,80.23528276822688,44.532684015231546
2026-03-26T22:53:23.985354,3.279214067409918,-2.094596225778717,-5.928900160696671,0.006349559532781799,-0.06097188801898796,-0.9957432785304142,1013.2470814005799,41.88061702103683,19.71113060156836,-67.81834043947318
2026-03-26T22:53:24.005991,-0.7848550733820944,-1.9375329065251778,-2.826676686475946,-0.005199858033745776,-0.062129979768149324,-1.0017237700107358,1013.2754748593119,-14.034736300516647,10.300113161759201,-19.57597670708475
2026-03-26T22:53:24.025787,1.8308628037040082,-1.2886247570729947,-5.774313328302123,0.012256390295625792,-0.07255780322605543,-0.9931310730866556,1013.2363386317038,0.16670338919522082,-0.21697032843063027,-67.8859003865228
2026-03-26T22:53:24.045391,-0.23586103009017864,-3.2918696639192806,-1.5326193778176536,0.004753950110032088,-0.06071868880324418,-1.0024507512063359,1013.2510284816519,31.690814026644233,-20.75014289409093,-100.90778751151355
2026-03-26T22:53:24.065340,-4.961758121510753,2.2934718089617347,-4.241470347026222,-0.003622944884925411,-0.05482108990060003,-0.9951324715478296,1013.2410012276166,93.23648542296112,-2.6638035961424453,-75.38004406851182
2026-03-26T22:53:24.085363,4.853454686455363,-2.0816121341158063,0.4464666652735387,0.010242524876634638,-0.06323835503766442,-0.9991823390430993,1013.2657240473259,84.86584657566753,16.500234491228905,-97.00055964567431
2026-03-26T22:53:24.105800,8.92354102128254,4.417848004272256,-2.9798668063085096,-0.004683707375653254,-0.04838071800826971,-1.006252672173159,1013.2647906987498,0.8665049984063029,45.47364681863101,46.410403831013895
2026-03-26T22:53:24.125123,-1.0249607466609427,2.590611084378059,1.6672862217233344,0.019754757495222375,-0.06193874214026864,-1.0017964730280569,1013.2628184478078,17.14186948948609,47.97147579333072,-123.66285603137688
2026-03-26T22:53:24.145735,4.687220125610567,0.24214299067677764,2.1613967384859363,0.006916503167583214,-0.04708006501404834,-1.0132394072847317,1013.2618143245095,100.22524578386997,33.90118819603865,23.420403850844288
2026-03-26T22:53:24.165672,-0.11834381994353531,-6.99177084541637,1.922196925594164,0.0030548445067238106,-0.06527401813703472,-1.0050099102772483,1013.2366886247588,-7.629015125021011,-19.9039863826723,12.585054661494052
2026-03-26T22:53:24.185501,-2.8810777032896095,0.08692211674368275,5.754188072140075,0.029454128489711743,-0.06632414263916207,-0.9992726137189499,1013.2528260035632,61.82550135937645,51.52457422575606,32.169054672477635
2026-03-26T22:53:24.205096,3.1611765649284678,0.9426594634458145,6.655282449966291,-0.004664096585126336,-0.06643187658103623,-1.0002330026577109,1013.2789996819919,71.52650389246531,-27.125647627686643,-108.3168605894997
2026-03-26T22:53:24.224434,1.1610524950134704,0.4962422581110438,6.664066572312856,0.021663460702837888,-0.07781915867743429,-0.9828147875112557,1013.2674737201173,80.35701528954822,39.35801540973024,27.77907397146554
2026-03-26T22:53:24.244764,-0.9839698108823961,-1.0850784347520752,-2.3359621621674416,0.0033060778697271715,-0.06734337642505978,-1.0067633146802275,1013.2339053475367,7.8902477469911885,-19.16108018096651,29.5140497362182
2026-03-26T22:53:24.264793,-0.5025974259285457,-4.741015576701821,1.6311644743395706,0.006848048683861932,-0.06600227586686667,-1.0008059510930047,1013.2612752658711,38.54774184518081,29.89410487448097,61.70715980922341
2026-03-26T22:53:24.284277,-4.7168088377024375,-2.6656862782019237,6.552487596894577,0.012454368389680753,-0.0681715169454145,-0.9906607565925687,1013.2568652421185,-147.93395365039515,-8.129187498082844,69.74391753910523
2026-03-26T22:53:24.303759,0.10746954674295321,-2.0348578436259714,4.640314559746183,0.006800108831549523,-0.06668894120399362,-1.0011586688276402,1013.2504183301357,85.09993350576875,-7.714702766309705,-83.78082728727142
2026-03-26T22:53:24.323625,-2.292213634184404,1.547708207854527,3.961294121395482,0.010938509834983807,-0.0635372325732785,-1.0076430449755167,1013.270037596159,-37.581532896405974,-79.6991267289082,196.45589207900397
2026-03-26T22:53:24.344292,2.6174492186152087,0.49406426900475103,0.5703158419524565,0.006650205881334472,-0.05600515972866966,-0.999106094216321,1013.2441775614767,-7.103837923264908,-86.54979267301046,115.66278970796051
2026-03-26T22:53:24.364188,-0.13845813538110066,2.07952517299766,4.186218329388492,-0.0044021820419232315,-0.06831846040432042,-1.007379368757782,1013.2644308220158,48.597023476276284,-18.049720713166987,2.3685321040501144
2026-03-26T22:53:24.383587,6.137480286535481,-1.1971633388401615,-0.5342623891091316,-0.007546255925555408,-0.058154713673954694,-1.0124814032143121,1013.2724299423735,-46.46905233458782,-37.5218889715629,135.83813779140806
2026-03-26T22:53:24.403489,-0.827098250916037,0.9366283955111587,0.14631198067222415,-0.005506504940714424,-0.04626629489650577,-0.9861364959904662,1013.2519142791813,118.05770667564882,-47.496364325589816,8.156069703000693
2026-03-26T22:53:24.423380,0.6774624699882736,-5.205468931923727,-1.3897232033254676,-0.00217901776501315,-0.04154061037706637,-1.009726259912577,1013.2543128946631,25.03062009115141,-49.2109005741231,34.60388424155866
2026-03-26T22:53:24.442301,0.2467572237520526,0.5671945301589498,2.6848607885605666,0.02240472006132601,-0.04792805396184244,-1.0039132417512109,1013.2600885700156,0.5617603618456396,11.69281070440844,-15.203426578483413
2026-03-26T22:53:24.462279,2.1856605950322208,-0.4450182998651643,1.4824457366955972,0.01835825599810996,-0.05538317265987443,-0.9910587772113497,1013.2570648437538,-65.4066220627447,76.4086287131689,-167.57251630246157
2026-03-26T22:53:24.482187,-2.026394533630266,-1.0903941427427277,3.990716150885931,0.013926174709905466,-0.07643393936477351,-0.9940254565383011,1013.2730141568121,11.60325758159207,-121.78403368148071,-59.179036293927155
2026-03-26T22:53:24.502465,-1.0115333678431502,7.525736877199318,0.305322126322717,0.00640900342174746,-0.04602896283911358,-0.981152859849398,1013.2825016777657,-58.05113129905028,-37.749756172669564,-135.99603209446545
2026-03-26T22:53:24.523205,0.30157077684488476,-2.864276052473667,-6.812749282125308,0.016762674714657824,-0.07585509572976676,-1.0001179295512748,1013.2617496805082,-12.901436125656447,-18.99869279383225,-23.89955940171995
2026-03-26T22:53:24.543656,2.195875006034772,1.6788829662139941,-2.249607992218497,0.019694047805760242,-0.06500364455290307,-0.9963588118512051,1013.2773743929115,5.498578635355371,33.113114617157315,-68.29301547848301
2026-03-26T22:53:24.563548,1.9415522378628614,-1.6199431585600916,2.1346274079951457,0.01739063001492339,-0.06604206358219207,-0.9963275076632044,1013.2419311983531,9.496316249591356,-87.80155585554726,26.951089507895837
2026-03-26T22:53:24.583106,4.131830833799484,1.5054564527098895,-4.110171187976552,0.011667841378727548,-0.06526844213388429,-0.9998943661011208,1013.2638196524819,-61.18679654102921,-35.69733250061668,23.08674395188778
2026-03-26T22:53:24.604135,-0.5302874898016005,6.487485001464454,0.35437071971999495,-0.006281757794483771,-0.07154560804591824,-0.9953878240656553,1013.2416565845884,108.57008681501044,-69.95833904873349,-94.99462170843262
2026-03-26T22:53:24.624159,-1.3670889506130175,-3.4906813044099243,-7.039219556663254,0.01600825777853253,-0.04206117402459621,-1.0060343195609347,1013.2374691083384,42.822114501487725,13.634064453409348,0.024905993151381534
2026-03-26T22:53:24.644164,-4.348798927099677,-0.555001327165714,1.3724892708554164,0.01956343028748744,-0.06726008859561897,-0.9927207732128271,1013.2415242296644,19.352219849097946,9.539725889147771,29.067128385070614
2026-03-26T22:53:24.664154,0.23221195387558274,-3.802933858914128,-5.064476983462911,0.0033504043397217164,-0.06436500161668388,-0.9955347235118109,1013.2711473580234,-133.13813245293284,49.319339762789866,49.05542325863316
2026-03-26T22:53:24.684234,0.525918277355335,0.42227715835561486,-0.6840960026114508,0.004469024983189538,-0.08922177201486764,-1.0079588940075657,1013.2489202406705,21.829787718652764,0.9741979314499067,6.6419582792642435
2026-03-26T22:53:24.704176,-2.2991074152658677,-1.0296277520059918,4.1827762793639796,0.010690114543439008,-0.06946416302535094,-1.0111811725985118,1013.270300490086,-2.829299849449792,-10.904750372792197,-75.55584217770706
2026-03-26T22:53:24.723946,1.5405191877259508,-4.869142343815319,-6.87144054341447,-0.0032509234225818725,-0.06622114200750093,-0.9830636688058205,1013.2591641204792,-4.149056111933521,-72.49737849057475,38.25986144975438
2026-03-26T22:53:24.743728,8.54237631396156,-0.8199668429253979,1.618915473634014,0.004748277237300928,-0.0685360990624873,-0.9806903801764136,1013.2422675807165,5.544826483621331,-15.286601227113357,-50.58022757833482
2026-03-26T22:53:24.763715,-7.7200487866965055,1.34959420407811,0.05409174445738002,-0.007220037720617701,-0.05807062689781939,-1.003256674615674,1013.2251089971506,80.5074755735951,22.675447806537637,-89.39731832197339
2026-03-26T22:53:24.783497,-0.011476798746627609,3.4155766950143813,-5.092317388733372,-0.005910813704109146,-0.06758785726289701,-0.9886847091388676,1013.2784053337605,57.62125596988526,43.54479714132939,-121.77494801161401
2026-03-26T22:53:24.803212,3.840857383244196,-3.5431130353899563,3.5355498375562355,0.003877138708410947,-0.05867721314686299,-1.0066834668237985,1013.2620508681874,48.940695053223585,-58.16195507214265,118.32001347009967
2026-03-26T22:53:24.823255,-3.6578387928060754,3.0896441339882816,-3.7725612172630467,0.010063882350337153,-0.07859457006753151,-0.9768095368039527,1013.2395207456824,-37.44772173383711,47.61819509923312,60.95126660770144
2026-03-26T22:53:24.843153,4.812085843637678,-4.354923582393857,-2.2923712723863816,0.014061615196011209,-0.057838411131897985,-1.0070401745707551,1013.2622181281962,28.411260307970323,-50.91363281110307,15.132319130673816
2026-03-26T22:53:24.863754,0.7113117595183573,3.4560710700368156,3.3699757536004946,0.0008425899130443408,-0.05802987068979451,-1.0000760717966268,1013.2454369022818,46.83156635765277,-68.66438634700106,30.78364941058592
2026-03-26T22:53:24.882694,2.3886663638946932,2.460784360896123,-7.403201588312085,-0.011363619475955416,-0.06696611795631681,-1.0068450157752387,1013.2654534126332,-50.030250933290006,-87.3167694687599,-28.469052001647057
2026-03-26T22:53:24.903131,-6.897746358892462,3.727617955246968,-1.9690681085288444,-0.0024842515646419996,-0.07142733009142271,-0.9848488496600849,1013.2401733902552,-5.0121158620622115,-31.357096363243603,91.85779657874689
2026-03-26T22:53:24.923629,-2.7432785667750283,-0.42676714194005466,-3.338325142582531,-0.0003770532606064101,-0.06212967994786015,-1.0138356650038916,1013.2535096243336,-49.25351664490067,-20.72619648532921,38.26598465758132
2026-03-26T22:53:24.942800,5.794752508639434,-1.9559220997954054,-5.036363045387497,0.012954946197423404,-0.0755278902334646,-1.0103661270310782,1013.2548562663427,-104.84928636220879,64.77484398396045,-21.189643644975018
2026-03-26T22:53:24.962663,7.048190381982326,0.41967662110531057,4.454127872756601,-0.000631144834219852,-0.054427415840647066,-0.9997088670061404,1013.2636533050025,48.00154575846329,-1.926946816541546,-35.92335586362364
2026-03-26T22:53:24.982514,3.7247057541112136,6.229215194868534,3.6242132129688707,0.007136682341210681,-0.06900072942578557,-0.9963306728988788,1013.2787635616992,111.44994039238286,-37.504143328226725,41.4059998822302
2026-03-26T22:53:25.001951,-2.9097352018219227,-4.0032772886064025,6.3196435197244964,-0.010316148273931127,-0.06612146431448436,-0.9807415366089465,1013.2521195718873,71.4816959773473,26.185382993527718,-3.4502070022983053
2026-03-26T22:53:25.021640,6.516441015115717,-2.673207416042258,0.12966494581113877,0.0003272780353026591,-0.04618178937811343,-0.9956886275418161,1013.264969196908,-22.705205178829885,-64.84947918378148,-9.88460575863186
2026-03-26T22:53:25.041196,3.4656023822973996,0.2186586268576773,6.921225802191173,0.008025848426784526,-0.0396727399050197,-0.9934660824910951,1013.2504889163469,143.59450710244968,32.113615031297186,-60.250434980141506
2026-03-26T22:53:25.061896,1.3966275220880287,0.04161207715865285,-2.3362302716044723,0.00483024694771899,-0.061213943266541664,-0.9908479437034805,1013.2667539683331,23.74398227874819,111.55362718046098,60.51101966046569
2026-03-26T22:53:25.082271,-2.2263273041441902,-0.35546802536638294,-1.4796276625228644,0.015086084455057495,-0.07217391509261445,-1.0027247876625958,1013.2878842841783,72.15305787310615,-28.26408953684446,-48.85268459982819
2026-03-26T22:53:25.102779,-3.392880178891445,3.7276202316614957,2.7572990739466428,-0.0017302001735712024,-0.06758912480176883,-0.9930909356703781,1013.2593482567174,93.15202649424533,-40.484492185692154,5.251629130830027
2026-03-26T22:53:25.123068,-4.261985123650054,1.0964027810081114,-8.305751828438025,0.008255234731858269,-0.08212769394965674,-0.9965895820827706,1013.2439522073064,-111.45428804532793,49.382503983193814,-33.499369831963556
2026-03-26T22:53:25.142616,-0.48104053658405094,8.059021869078508,-2.2093590763326607,0.018009135683607756,-0.06369009701896301,-0.9890202516179029,1013.2660245202017,104.30923848784045,-3.4007177037441636,-99.95437645842172
2026-03-26T22:53:25.162407,-0.05628658790907785,1.068803726080635,-9.673763603952178,0.007247547038093509,-0.07720089432676341,-1.0069876684666375,1013.272909638953,62.80501056447802,-29.393928396283112,-80.59422024854105
2026-03-26T22:53:25.182602,0.013160596891267622,-0.4377518167546203,2.140527079652584,0.004010413841538043,-0.05259266781897306,-0.9935126778409208,1013.256638413655,-25.189358505975672,-50.90465346273817,35.930666271715346
2026-03-26T22:53:25.202114,0.06257297957621835,-1.778585935022731,1.9325987995726324,0.00651659976844337,-0.052874614502982545,-0.9990843486158293,1013.2519501536881,20.617502044338362,54.29769853752445,-35.39979563081166
2026-03-26T22:53:25.222399,3.9369075764162687,-5.074891593378674,3.346398935665792,0.01337761444768007,-0.05976558822860856,-1.0071055017614772,1013.2761133042613,-76.2614583358306,113.40720908566848,-93.31856089377177
2026-03-26T22:53:25.242303,1.912381083018737,-2.6924300395585794,-3.0535762132713926,0.004455962570417189,-0.06811322354522281,-0.9960532242488443,1013.3044517529809,38.628862631079,-102.1820943799728,-35.70108082539955
2026-03-26T22:53:25.262153,1.5434133420568998,1.9842862169380626,4.725085839270103,-0.005214389476363773,-0.05280046648471731,-1.0037815148210172,1013.262366623006,-12.370920004377833,119.58469102329738,-36.02103466862869
2026-03-26T22:53:25.282437,0.5009449879997091,-1.2747338122325427,9.9729379540821,0.008738914501529731,-0.07586446853497601,-1.0007472613401385,1013.258657508584,-50.67386952608999,71.00023411065959,50.72865716065077
2026-03-26T22:53:25.302615,-5.340591985098231,-2.989025175064099,-5.720762202490323,-0.0047843110243034875,-0.0722140941256075,-1.0030878453747254,1013.2677099758921,80.39568777446443,37.343978918510906,46.494292987951
2026-03-26T22:53:25.322470,0.3365378971262522,2.262174296632872,-5.075781455541827,0.005764366028875502,-0.04955383258853163,-1.004038809713313,1013.2777425267442,185.4692899560562,1.9637823008747677,7.842768665558094
2026-03-26T22:53:25.342934,-4.496690970968252,-1.6486450972629971,2.2777538987718464,0.015083962767108921,-0.0617460762315738,-0.9967493238219816,1013.2380922773685,26.309855210950705,73.51370147303544,-7.916806659644021
2026-03-26T22:53:25.362502,-0.47527448057303623,3.1537896431937336,13.924524064068928,0.015313309015655582,-0.048995821941130564,-0.9889972144111933,1013.2682953949105,6.572023014094809,-78.45612289500966,-35.870659941724355
2026-03-26T22:53:25.382748,4.6212314721964365,3.9516533142639636,3.6668964364297345,-0.013382421162657815,-0.06026779980573567,-0.9942715936145322,1013.2627645015802,-130.08817822296524,55.52120414471864,41.650985338871656
2026-03-26T22:53:25.402985,-6.029760666190486,0.011802269650557284,-2.982974817809066,-0.011738984638725098,-0.07035851031078262,-1.0096919978313537,1013.2354009220592,157.18237335638045,-9.863546248324528,76.95169606938092
2026-03-26T22:53:25.422861,-1.2515133627423547,-0.633689992868774,-0.7279663321496499,-0.00022051352431585146,-0.058693714135475486,-1.007287206065736,1013.26704408122,110.9664111406155,22.948629524266725,28.113235700559255
2026-03-26T22:53:25.442992,0.5153088098129734,3.4906652859123173,4.71291587810838,0.012217745997596532,-0.05962062295272172,-1.0014591472145447,1013.2594693176399,-14.762336824052607,46.332033755969924,-12.34069861841729
2026-03-26T22:53:25.462491,0.29184536174929576,0.4258944659177811,-5.581371341823411,-0.0010255554393616257,-0.05925304264735609,-0.9849289633958181,1013.2592978604406,-18.905255585376942,-14.22317664654541,-50.41546817651543
2026-03-26T22:53:25.482861,-2.852696873321534,-1.1764826215058362,0.5172834701583774,-0.0024404097561669842,-0.05890077922936896,-0.9969995731699008,1013.2649700849421,70.69670254192219,15.658769497796238,-40.39985489683747
2026-03-26T22:53:25.502787,2.190443793347397,4.339305035393398,4.510444068855279,0.018233359684766713,-0.05170312752898564,-0.9926697537335011,1013.2364629008109,33.63315906535344,64.38086141793967,-65.57677197243268
