t,message
-1785059697.360,"6267.131:SYNC marker: three watch haptic taps; 6267.135:Absolute altitude acquisition: continuous single-consumer, no watchdog restarts; 6267.208:v15 BARO abs drop reason=degradedAccuracy acc=23.18"
-1785059685.210,"6279.700:v15 CANDIDATE t0=6278.61 yank=1.23g quietAt=6279.51 B(abs)=n/a B(rel)=0.30; 6280.697:v15 IMPACT pending=2.71g air=1.68"
-1785059682.706,"6282.691:v15 IMPACT discarded=3.94g — early mid-flight jolt (quiet resumed)"
-1785059681.454,"6283.694:v15 IMPACT pending=2.12g air=4.87"
-1785059680.202,"6284.700:v15 LANDING impact+noRiseAbort impact=2.12g air=4.87; 6284.702:v15 REJECT reason=ballisticWithoutBaroLanding hBal=2.33 air=4.87; 6284.702:v15 REJECT reason=rescueNeedsMeasuredHeight hBal=2.14 air=3.89; 6284.702:v15 REJECT reason=rescueNeedsMeasuredHeight hBal=2.03 air=3.15; 6284.702:v15 REJECT reason=rescueNeedsMeasuredHeight hBal=1.74 air=2.01; 6284.703:v15 CANDIDATE t0=6281.47 yank=3.54g quietAt=6284.50 B(abs)=n/a B(rel)=0.27; 6284.998:v15 BARO abs drop reason=degradedAccuracy acc=23.18"
-1785059678.950,"6286.703:v15 LANDING noRiseAbort-softClose impact=0.00g air=5.00"
-1785059677.698,"6287.697:v15 REJECT reason=ballisticNeedsImpact hBal=2.85 air=5.00; 6287.697:v15 REJECT reason=rescueNeedsMeasuredHeight hBal=2.55 air=4.49; 6287.697:v15 REJECT reason=rescueNeedsMeasuredHeight hBal=2.44 air=3.75; 6287.698:v15 CANDIDATE t0=6284.07 yank=2.60g quietAt=6287.48 B(abs)=n/a B(rel)=0.21; 6287.991:v15 BARO abs drop reason=degradedAccuracy acc=23.18"
-1785059675.193,"6290.695:v15 LANDING noRiseAbort-softClose impact=0.00g air=5.45; 6291.318:v15 BARO abs drop reason=degradedAccuracy acc=23.19"
-1785059673.941,"6291.697:v15 REJECT reason=ballisticNeedsImpact hBal=2.37 air=5.45; 6291.697:v15 REJECT(open) reason=gpsSpeedBelowRiding spd=0.69; 6291.988:v15 BARO abs drop reason=degradedAccuracy acc=23.19; 6292.696:v15 REJECT(open) reason=gpsSpeedBelowRiding spd=0.82"
-1785059672.689,"6292.981:v15 BARO abs drop reason=degradedAccuracy acc=23.19; 6293.689:v15 REJECT(open) reason=gpsSpeedBelowRiding spd=0.82"
-1785059671.437,"6293.982:v15 BARO abs drop reason=degradedAccuracy acc=23.19; 6294.697:v15 REJECT(open) reason=gpsSpeedBelowRiding spd=0.82"
-1785059670.185,"6294.984:v15 BARO abs drop reason=degradedAccuracy acc=23.19; 6295.692:v15 REJECT(open) reason=gpsSpeedBelowRiding spd=0.93; 6295.978:v15 BARO abs drop reason=degradedAccuracy acc=23.19"
-1785059668.933,"6296.693:v15 REJECT(open) reason=gpsSpeedBelowRiding spd=0.93; 6296.978:v15 BARO abs drop reason=degradedAccuracy acc=23.19; 6297.691:v15 REJECT(open) reason=gpsSpeedBelowRiding spd=0.93"
-1785059667.681,"6297.969:v15 BARO abs drop reason=degradedAccuracy acc=23.19; 6298.687:v15 REJECT(open) reason=gpsSpeedBelowRiding spd=0.74"
-1785059666.429,"6298.971:v15 BARO abs drop reason=degradedAccuracy acc=23.19; 6299.688:v15 REJECT(open) reason=gpsSpeedBelowRiding spd=0.74"
-1785059665.177,"6299.972:v15 BARO abs drop reason=degradedAccuracy acc=23.19; 6300.696:v15 REJECT(open) reason=gpsSpeedBelowRiding spd=0.74; 6300.964:v15 BARO abs drop reason=degradedAccuracy acc=23.19"
-1785059662.672,"6302.703:v15 REJECT(open) reason=gpsSpeedBelowRiding spd=0.23; 6302.965:v15 BARO abs drop reason=degradedAccuracy acc=23.19"
-1785059661.420,"6303.693:v15 REJECT(open) reason=gpsSpeedBelowRiding spd=0.23; 6303.960:v15 BARO abs drop reason=degradedAccuracy acc=23.19"
-1785059660.168,"6304.695:v15 REJECT(open) reason=gpsSpeedBelowRiding spd=0.10; 6304.961:v15 BARO abs drop reason=degradedAccuracy acc=23.19; 6305.698:v15 REJECT(open) reason=gpsSpeedBelowRiding spd=0.10; 6305.963:v15 BARO abs drop reason=degradedAccuracy acc=23.19"
-1785059658.916,"6306.702:v15 REJECT(open) reason=gpsSpeedBelowRiding spd=0.10; 6306.956:v15 BARO abs drop reason=degradedAccuracy acc=23.19"
-1785059657.664,"6307.700:v15 REJECT(open) reason=gpsSpeedBelowRiding spd=0.29; 6307.957:v15 BARO abs drop reason=degradedAccuracy acc=23.19"
-1785059656.412,"6309.690:v15 REJECT(open) reason=gpsSpeedBelowRiding spd=0.29"
-1785059655.160,"6309.958:v15 BARO abs drop reason=degradedAccuracy acc=23.19; 6310.696:v15 REJECT(open) reason=gpsSpeedBelowRiding spd=0.29; 6311.033:v15 BARO abs drop reason=degradedAccuracy acc=23.19; 6311.688:v15 REJECT(open) reason=gpsSpeedBelowRiding spd=0.29"
-1785059653.908,"6311.942:v15 BARO abs drop reason=degradedAccuracy acc=23.19; 6312.688:v15 REJECT(open) reason=gpsSpeedBelowRiding spd=0.42"
-1785059652.656,"6312.944:v15 BARO abs drop reason=degradedAccuracy acc=23.19; 6313.696:v15 REJECT(open) reason=gpsSpeedBelowRiding spd=0.42"
-1785059651.369,"6313.945:v15 BARO abs drop reason=degradedAccuracy acc=23.19"
-1785059650.117,"6315.691:v15 REJECT(open) reason=gpsSpeedBelowRiding spd=0.36; 6315.939:v15 BARO abs drop reason=degradedAccuracy acc=23.19"
-1785059648.865,"6316.698:v15 REJECT(open) reason=gpsSpeedBelowRiding spd=0.24; 6316.940:v15 BARO abs drop reason=degradedAccuracy acc=23.19; 6317.696:v15 REJECT(open) reason=gpsSpeedBelowRiding spd=0.07"
-1785059647.612,"6318.073:v15 BARO abs drop reason=degradedAccuracy acc=23.19; 6318.691:v15 REJECT(open) reason=gpsSpeedBelowRiding spd=0.07"
-1785059646.360,"6318.935:v15 BARO abs drop reason=degradedAccuracy acc=23.19; 6319.696:v15 REJECT(open) reason=gpsSpeedBelowRiding spd=0.07"
-1785059645.108,"6319.936:v15 BARO abs drop reason=degradedAccuracy acc=23.19; 6320.696:v15 REJECT(open) reason=gpsSpeedBelowRiding spd=0.07; 6320.927:v15 BARO abs drop reason=degradedAccuracy acc=23.19; 6321.698:v15 REJECT(open) reason=gpsSpeedBelowRiding spd=0.08"
-1785059643.856,"6321.929:v15 BARO abs drop reason=degradedAccuracy acc=23.19; 6322.697:v15 REJECT(open) reason=gpsSpeedBelowRiding spd=0.08"
-1785059642.604,"6322.920:v15 BARO abs drop reason=degradedAccuracy acc=23.19; 6323.697:v15 REJECT(open) reason=gpsSpeedBelowRiding spd=0.08"
-1785059641.352,"6323.921:v15 BARO abs drop reason=degradedAccuracy acc=23.19; 6324.689:v15 REJECT(open) reason=gpsSpeedBelowRiding spd=0.08"
-1785059640.100,"6324.923:v15 BARO abs drop reason=degradedAccuracy acc=23.19; 6325.697:v15 REJECT(open) reason=gpsSpeedBelowRiding spd=0.08; 6325.916:v15 BARO abs drop reason=degradedAccuracy acc=23.19"
-1785059638.848,"6326.700:v15 REJECT(open) reason=gpsSpeedBelowRiding spd=0.08; 6326.917:v15 BARO abs drop reason=degradedAccuracy acc=23.19; 6327.698:v15 REJECT(open) reason=gpsSpeedBelowRiding spd=0.05"
-1785059637.596,"6327.919:v15 BARO abs drop reason=degradedAccuracy acc=23.19; 6328.697:v15 REJECT(open) reason=gpsSpeedBelowRiding spd=0.05"
-1785059636.344,"6328.983:v15 BARO abs drop reason=degradedAccuracy acc=23.19"
-1785059635.092,"6330.697:v15 REJECT(open) reason=gpsSpeedBelowRiding spd=0.10; 6330.915:v15 BARO abs drop reason=degradedAccuracy acc=23.19"
-1785059633.840,"6331.697:v15 REJECT(open) reason=gpsSpeedBelowRiding spd=0.10; 6331.905:v15 BARO abs drop reason=degradedAccuracy acc=23.19"
-1785059632.587,"6332.692:v15 REJECT(open) reason=gpsSpeedBelowRiding spd=0.10; 6332.907:v15 BARO abs drop reason=degradedAccuracy acc=23.19"
-1785059631.335,"6333.698:v15 REJECT(open) reason=gpsSpeedBelowRiding spd=0.10; 6333.909:v15 BARO abs drop reason=degradedAccuracy acc=23.19; 6334.698:v15 REJECT(open) reason=gpsSpeedBelowRiding spd=0.15"
-1785059630.083,"6334.901:v15 BARO abs drop reason=degradedAccuracy acc=23.19; 6335.787:v15 REJECT(open) reason=gpsSpeedBelowRiding spd=0.15; 6335.901:v15 BARO abs drop reason=degradedAccuracy acc=23.19"
-1785059628.831,"6336.693:v15 REJECT(open) reason=gpsSpeedBelowRiding spd=0.42; 6336.894:v15 BARO abs drop reason=degradedAccuracy acc=23.19"
-1785059627.579,"6337.691:v15 REJECT(open) reason=gpsSpeedBelowRiding spd=0.42; 6337.895:v15 BARO abs drop reason=degradedAccuracy acc=23.19; 6338.697:v15 REJECT(open) reason=gpsSpeedBelowRiding spd=0.79"
-1785059626.327,"6338.899:v15 BARO abs drop reason=degradedAccuracy acc=23.19; 6339.697:v15 REJECT(open) reason=gpsSpeedBelowRiding spd=0.79"
-1785059625.075,"6339.890:v15 BARO abs drop reason=degradedAccuracy acc=23.19; 6340.691:v15 REJECT(open) reason=gpsSpeedBelowRiding spd=0.79; 6340.891:v15 BARO abs drop reason=degradedAccuracy acc=23.19"
-1785059623.823,"6341.761:v15 REJECT(open) reason=gpsSpeedBelowRiding spd=0.53; 6341.894:v15 BARO abs drop reason=degradedAccuracy acc=23.19"
-1785059622.571,"6342.699:v15 REJECT(open) reason=gpsSpeedBelowRiding spd=0.43; 6342.884:v15 BARO abs drop reason=degradedAccuracy acc=23.19"
-1785059621.319,"6343.696:v15 REJECT(open) reason=gpsSpeedBelowRiding spd=0.39; 6343.886:v15 BARO abs drop reason=degradedAccuracy acc=23.19; 6344.698:v15 REJECT(open) reason=gpsSpeedBelowRiding spd=0.39"
-1785059620.066,"6344.887:v15 BARO abs drop reason=degradedAccuracy acc=23.19; 6345.698:v15 REJECT(open) reason=gpsSpeedBelowRiding spd=0.39; 6345.879:v15 BARO abs drop reason=degradedAccuracy acc=23.19"
-1785059618.814,"6346.689:v15 REJECT(open) reason=gpsSpeedBelowRiding spd=1.12; 6346.930:v15 BARO abs drop reason=degradedAccuracy acc=23.19"
-1785059617.562,"6347.699:v15 REJECT(open) reason=gpsSpeedBelowRiding spd=1.12; 6347.882:v15 BARO abs drop reason=degradedAccuracy acc=23.19"
-1785059616.310,"6348.692:v15 REJECT(open) reason=gpsSpeedBelowRiding spd=1.12; 6348.874:v15 BARO abs drop reason=degradedAccuracy acc=23.19"
-1785059615.058,"6349.693:v15 REJECT(open) reason=gpsSpeedBelowRiding spd=1.38; 6349.876:v15 BARO abs drop reason=degradedAccuracy acc=23.19; 6350.698:v15 REJECT(open) reason=gpsSpeedBelowRiding spd=1.21; 6350.870:v15 BARO abs drop reason=degradedAccuracy acc=23.19"
-1785059613.806,"6351.698:v15 REJECT(open) reason=gpsSpeedBelowRiding spd=0.53; 6351.870:v15 BARO abs drop reason=degradedAccuracy acc=23.19"
-1785059612.554,"6352.690:v15 REJECT(open) reason=gpsSpeedBelowRiding spd=0.35; 6352.873:v15 BARO abs drop reason=degradedAccuracy acc=23.19"
-1785059611.302,"6353.699:v15 REJECT(open) reason=gpsSpeedBelowRiding spd=0.37; 6353.862:v15 BARO abs drop reason=degradedAccuracy acc=23.19"
-1785059610.050,"6354.699:v15 REJECT(open) reason=gpsSpeedBelowRiding spd=0.37; 6354.864:v15 BARO abs drop reason=degradedAccuracy acc=23.19; 6355.697:v15 REJECT(open) reason=gpsSpeedBelowRiding spd=0.37; 6355.866:v15 BARO abs drop reason=degradedAccuracy acc=23.19"
-1785059608.798,"6357.697:v15 REJECT(open) reason=gpsSpeedBelowRiding spd=1.05"
-1785059607.545,"6357.858:v15 BARO abs drop reason=degradedAccuracy acc=23.19; 6358.697:v15 REJECT(open) reason=gpsSpeedBelowRiding spd=1.05"
-1785059606.293,"6358.861:v15 BARO abs drop reason=degradedAccuracy acc=23.19; 6359.697:v15 REJECT(open) reason=gpsSpeedBelowRiding spd=1.05"
-1785059605.041,"6359.852:v15 BARO abs drop reason=degradedAccuracy acc=23.19; 6360.690:v15 REJECT(open) reason=gpsSpeedBelowRiding spd=1.05; 6360.854:v15 BARO abs drop reason=degradedAccuracy acc=23.19"
-1785059603.789,"6361.697:v15 REJECT(open) reason=gpsSpeedBelowRiding spd=0.94; 6361.855:v15 BARO abs drop reason=degradedAccuracy acc=23.19; 6362.689:v15 REJECT(open) reason=gpsSpeedBelowRiding spd=0.94"
-1785059602.537,"6362.849:v15 BARO abs drop reason=degradedAccuracy acc=23.19; 6363.528:v15 BARO abs drop reason=degradedAccuracy acc=23.20; 6363.691:v15 REJECT(open) reason=gpsSpeedBelowRiding spd=0.83"
-1785059601.285,"6363.851:v15 BARO abs drop reason=degradedAccuracy acc=23.20; 6364.697:v15 REJECT(open) reason=gpsSpeedBelowRiding spd=0.90"
-1785059600.033,"6364.884:v15 BARO abs drop reason=degradedAccuracy acc=23.20; 6365.696:v15 REJECT(open) reason=gpsSpeedBelowRiding spd=0.90; 6365.842:v15 BARO abs drop reason=degradedAccuracy acc=23.20"
-1785059598.781,"6366.693:v15 REJECT(open) reason=gpsSpeedBelowRiding spd=0.90; 6366.844:v15 BARO abs drop reason=degradedAccuracy acc=23.20; 6367.693:v15 REJECT(open) reason=gpsSpeedBelowRiding spd=0.84"
-1785059597.529,"6367.835:v15 BARO abs drop reason=degradedAccuracy acc=23.20; 6368.697:v15 REJECT(open) reason=gpsSpeedBelowRiding spd=0.84"
-1785059596.277,"6368.837:v15 BARO abs drop reason=degradedAccuracy acc=23.20; 6369.696:v15 REJECT(open) reason=gpsSpeedBelowRiding spd=0.84; 6369.838:v15 BARO abs drop reason=degradedAccuracy acc=23.20"
-1785059595.024,"6370.697:v15 REJECT(open) reason=gpsSpeedBelowRiding spd=0.75; 6370.831:v15 BARO abs drop reason=degradedAccuracy acc=23.20"
-1785059593.772,"6371.697:v15 REJECT(open) reason=gpsSpeedBelowRiding spd=0.75; 6371.833:v15 BARO abs drop reason=degradedAccuracy acc=23.20; 6372.697:v15 REJECT(open) reason=gpsSpeedBelowRiding spd=0.59"
-1785059592.505,"6372.834:v15 BARO abs drop reason=degradedAccuracy acc=23.20; 6373.697:v15 REJECT(open) reason=gpsSpeedBelowRiding spd=0.62"
-1785059591.253,"6373.827:v15 BARO abs drop reason=degradedAccuracy acc=23.20; 6374.690:v15 REJECT(open) reason=gpsSpeedBelowRiding spd=0.62; 6374.829:v15 BARO abs drop reason=degradedAccuracy acc=23.20"
-1785059590.001,"6375.698:v15 REJECT(open) reason=gpsSpeedBelowRiding spd=0.62; 6375.832:v15 BARO abs drop reason=degradedAccuracy acc=23.20"
-1785059588.749,"6376.698:v15 REJECT(open) reason=gpsSpeedBelowRiding spd=0.62; 6376.821:v15 BARO abs drop reason=degradedAccuracy acc=23.20"
-1785059587.497,"6377.694:v15 REJECT(open) reason=gpsSpeedBelowRiding spd=0.62; 6377.823:v15 BARO abs drop reason=degradedAccuracy acc=23.20; 6378.697:v15 REJECT(open) reason=gpsSpeedBelowRiding spd=0.62"
-1785059586.245,"6378.825:v15 BARO abs drop reason=degradedAccuracy acc=23.20; 6379.697:v15 REJECT(open) reason=gpsSpeedBelowRiding spd=0.53; 6379.816:v15 BARO abs drop reason=degradedAccuracy acc=23.20"
-1785059584.993,"6380.692:v15 REJECT(open) reason=gpsSpeedBelowRiding spd=0.53; 6380.817:v15 BARO abs drop reason=degradedAccuracy acc=23.20"
-1785059583.740,"6381.698:v15 REJECT(open) reason=gpsSpeedBelowRiding spd=0.53; 6381.819:v15 BARO abs drop reason=degradedAccuracy acc=23.20"
-1785059582.488,"6382.698:v15 REJECT(open) reason=gpsSpeedBelowRiding spd=0.46; 6382.831:v15 BARO abs drop reason=degradedAccuracy acc=23.20; 6383.697:v15 REJECT(open) reason=gpsSpeedBelowRiding spd=0.30"
-1785059581.236,"6383.812:v15 BARO abs drop reason=degradedAccuracy acc=23.20; 6384.697:v15 REJECT(open) reason=gpsSpeedBelowRiding spd=0.30; 6384.805:v15 BARO abs drop reason=degradedAccuracy acc=23.20"
-1785059579.984,"6385.687:v15 REJECT(open) reason=gpsSpeedBelowRiding spd=0.30; 6385.812:v15 BARO abs drop reason=degradedAccuracy acc=23.20"
-1785059578.732,"6386.697:v15 REJECT(open) reason=gpsSpeedBelowRiding spd=0.25; 6386.809:v15 BARO abs drop reason=degradedAccuracy acc=23.20"
-1785059577.480,"6387.698:v15 REJECT(open) reason=gpsSpeedBelowRiding spd=0.25; 6387.799:v15 BARO abs drop reason=degradedAccuracy acc=23.20"
-1785059576.228,"6388.698:v15 REJECT(open) reason=gpsSpeedBelowRiding spd=0.25; 6388.800:v15 BARO abs drop reason=degradedAccuracy acc=23.20; 6389.694:v15 REJECT(open) reason=gpsSpeedBelowRiding spd=0.43; 6389.802:v15 BARO abs drop reason=degradedAccuracy acc=23.20"
-1785059574.976,"6390.697:v15 REJECT(open) reason=gpsSpeedBelowRiding spd=0.64; 6390.794:v15 BARO abs drop reason=degradedAccuracy acc=23.20"
-1785059573.723,"6391.698:v15 REJECT(open) reason=gpsSpeedBelowRiding spd=0.61; 6391.795:v15 BARO abs drop reason=degradedAccuracy acc=23.20"
-1785059572.471,"6392.695:v15 REJECT(open) reason=gpsSpeedBelowRiding spd=0.36; 6392.797:v15 BARO abs drop reason=degradedAccuracy acc=23.20"
-1785059571.219,"6393.698:v15 REJECT(open) reason=gpsSpeedBelowRiding spd=0.36; 6393.790:v15 BARO abs drop reason=degradedAccuracy acc=23.20; 6394.698:v15 REJECT(open) reason=gpsSpeedBelowRiding spd=0.36; 6394.791:v15 BARO abs drop reason=degradedAccuracy acc=23.20"
-1785059569.967,"6395.698:v15 REJECT(open) reason=gpsSpeedBelowRiding spd=0.36; 6395.793:v15 BARO abs drop reason=degradedAccuracy acc=23.20"
-1785059568.715,"6396.698:v15 REJECT(open) reason=gpsSpeedBelowRiding spd=0.21; 6396.786:v15 BARO abs drop reason=degradedAccuracy acc=23.20"
-1785059567.463,"6397.697:v15 REJECT(open) reason=gpsSpeedBelowRiding spd=0.29; 6397.787:v15 BARO abs drop reason=degradedAccuracy acc=23.20"
-1785059566.211,"6398.699:v15 REJECT(open) reason=gpsSpeedBelowRiding spd=0.29; 6398.790:v15 BARO abs drop reason=degradedAccuracy acc=23.20; 6399.690:v15 REJECT(open) reason=gpsSpeedBelowRiding spd=0.29; 6399.780:v15 BARO abs drop reason=degradedAccuracy acc=23.20"
-1785059564.959,"6400.697:v15 REJECT(open) reason=gpsSpeedBelowRiding spd=0.28; 6400.785:v15 BARO abs drop reason=degradedAccuracy acc=23.20"
-1785059563.707,"6401.692:v15 REJECT(open) reason=gpsSpeedBelowRiding spd=0.26; 6401.784:v15 BARO abs drop reason=degradedAccuracy acc=23.20"
-1785059562.454,"6402.698:v15 REJECT(open) reason=gpsSpeedBelowRiding spd=0.26; 6402.774:v15 BARO abs drop reason=degradedAccuracy acc=23.20"
-1785059561.202,"6403.696:v15 REJECT(open) reason=gpsSpeedBelowRiding spd=0.49; 6403.778:v15 BARO abs drop reason=degradedAccuracy acc=23.20; 6404.698:v15 REJECT(open) reason=gpsSpeedBelowRiding spd=0.68; 6404.768:v15 BARO abs drop reason=degradedAccuracy acc=23.20"
-1785059559.950,"6405.694:v15 REJECT(open) reason=gpsSpeedBelowRiding spd=1.21; 6405.769:v15 BARO abs drop reason=degradedAccuracy acc=23.20"
-1785059558.698,"6406.690:v15 REJECT(open) reason=gpsSpeedBelowRiding spd=1.21; 6406.772:v15 BARO abs drop reason=degradedAccuracy acc=23.20"
-1785059557.446,"6407.697:v15 REJECT(open) reason=gpsSpeedBelowRiding spd=1.21; 6407.767:v15 BARO abs drop reason=degradedAccuracy acc=23.20"
-1785059556.194,"6408.699:v15 CANDIDATE t0=6406.35 yank=1.57g quietAt=6408.06 B(abs)=n/a B(rel)=-2.26"
-1785059553.690,"6411.700:v15 LANDING noRiseAbort-softClose impact=0.00g air=5.00"
-1785059552.437,"6412.700:v15 REJECT reason=gateEntrySpeed vin=2.78; 6412.700:v15 CANDIDATE t0=6408.80 yank=1.71g quietAt=6412.35 B(abs)=n/a B(rel)=-1.98; 6412.764:v15 BARO abs drop reason=degradedAccuracy acc=23.20"
-1785059551.140,"6414.689:v15 LANDING noRiseAbort-softClose impact=0.00g air=5.00"
-1785059549.888,"6415.698:v15 REJECT reason=gateEntrySpeed vin=4.43; 6415.698:v15 CANDIDATE t0=6411.68 yank=1.64g quietAt=6414.80 B(abs)=n/a B(rel)=-1.74; 6415.756:v15 BARO abs drop reason=degradedAccuracy acc=23.20"
-1785059546.132,"6419.696:v15 LANDING noRiseAbort-softClose impact=0.00g air=6.83"
-1785059544.880,"6420.696:v15 REJECT reason=gateNoJumpEvidence dCrs=9.73 drop=1.05 yank=1.64; 6420.697:v15 CANDIDATE t0=6417.26 yank=1.72g quietAt=6419.52 B(abs)=n/a B(rel)=n/a; 6420.747:v15 BARO abs drop reason=degradedAccuracy acc=23.20"
-1785059531.106,"6435.380:v15 BARO abs drop reason=degradedAccuracy acc=23.21"
-1785059517.333,"6447.701:v15 REJECT reason=maxFlightExceeded air=30.00; 6447.701:v15 CANDIDATE t0=6444.19 yank=1.63g quietAt=6447.26 B(abs)=n/a B(rel)=-2.11; 6448.033:v15 BARO abs drop reason=degradedAccuracy acc=23.21"
-1785059516.081,"6449.703:v15 LANDING noRiseAbort-softClose impact=0.00g air=5.00"
-1785059514.829,"6450.694:v15 REJECT reason=floatBelowMin float=0.33; 6450.695:v15 CANDIDATE t0=6448.81 yank=1.47g quietAt=6450.19 B(abs)=n/a B(rel)=-2.41; 6451.016:v15 BARO abs drop reason=degradedAccuracy acc=23.21; 6451.693:v15 IMPACT pending=2.02g air=1.87"
-1785059512.324,"6452.699:v15 LANDING impact impact=3.87g air=1.90; 6452.700:v15 REJECT reason=gateNoJumpEvidence dCrs=4.56 drop=1.00 yank=1.47; 6452.700:v15 REJECT reason=floatBelowMin float=0.32; 6452.700:v15 REJECT reason=floatBelowMin float=0.33; 6452.700:v15 REJECT reason=floatBelowMin float=0.31; 6452.700:v15 REJECT reason=floatBelowMin float=0.34; 6452.701:v15 CANDIDATE t0=6450.71 yank=3.87g quietAt=6452.22 B(abs)=n/a B(rel)=n/a; 6453.019:v15 BARO abs drop reason=degradedAccuracy acc=23.21"
-1785059511.072,"6453.700:v15 IMPACT pending=1.93g air=2.57"
-1785059509.820,"6455.699:v15 LANDING impact impact=2.53g air=2.95; 6453.664:JUMP(v15) FINAL h=1.68m src=ballistic air=2.95s dist=18.06m hFit=-1.0 hRel=-1.0 hBal=1.68 arcPts=0 yank=3.87g impact=2.53g float=0.55 rot=0.77 hard=true conf=50.0 latency=1.5s; 6455.707:v15 JUMP h=1.68m src=ballistic air=2.95s conf=0.50; 6455.707:v15 REJECT(open) reason=retriggerGuard; 6456.015:v15 BARO abs drop reason=degradedAccuracy acc=23.21"
-1785059508.568,"6456.693:v15 REJECT(open) reason=retriggerGuard; 6457.008:v15 BARO abs drop reason=degradedAccuracy acc=23.21"
-1785059507.316,"6457.700:v15 REJECT(open) reason=retriggerGuard; 6458.010:v15 BARO abs drop reason=degradedAccuracy acc=23.21"
-1785059506.064,"6458.695:v15 REJECT(open) reason=retriggerGuard; 6459.012:v15 BARO abs drop reason=degradedAccuracy acc=23.21; 6459.701:v15 REJECT(open) reason=retriggerGuard; 6459.762:v15 BARO abs drop reason=degradedAccuracy acc=23.21"
-1785059504.812,"6460.700:v15 REJECT(open) reason=retriggerGuard; 6461.003:v15 BARO abs drop reason=degradedAccuracy acc=23.21"
-1785059503.560,"6461.693:v15 CANDIDATE t0=6459.82 yank=1.34g quietAt=6461.44 B(abs)=n/a B(rel)=-1.10"
-1785059499.803,"6465.697:v15 LANDING noRiseAbort-softClose impact=0.00g air=5.00"
-1785059498.551,"6466.697:v15 REJECT reason=softEcho dt=6.16; 6466.698:v15 CANDIDATE t0=6464.02 yank=1.43g quietAt=6465.83 B(abs)=n/a B(rel)=-0.85; 6466.994:v15 BARO abs drop reason=degradedAccuracy acc=23.21"
-1785059496.047,"6470.696:v15 LANDING noRiseAbort-softClose impact=0.00g air=5.49"
-1785059494.795,"6471.697:v15 REJECT reason=gateNoJumpEvidence dCrs=0.11 drop=0.87 yank=1.43; 6471.697:v15 CANDIDATE t0=6467.06 yank=1.37g quietAt=6470.52 B(abs)=n/a B(rel)=n/a"
-1785059493.543,"6471.982:v15 BARO abs drop reason=degradedAccuracy acc=23.21"
-1785059475.993,"6489.701:v15 IMPACT pending=1.99g air=22.25"
-1785059473.489,"6491.697:v15 LANDING impact impact=2.18g air=22.29; 6491.697:v15 REJECT reason=ballisticAboveHardCap hBal=90.25 air=22.29; 6491.698:v15 REJECT reason=gateNoJumpEvidence dCrs=21.22 drop=0.99 yank=1.40; 6491.698:v15 REJECT reason=gateNoJumpEvidence dCrs=21.22 drop=0.99 yank=1.32; 6491.698:v15 REJECT reason=gateNoJumpEvidence dCrs=23.24 drop=0.98 yank=1.27; 6491.698:v15 REJECT reason=gateNoJumpEvidence dCrs=22.39 drop=0.98 yank=1.26; 6491.699:v15 REJECT reason=gateNoJumpEvidence dCrs=20.45 drop=0.98 yank=1.76; 6491.699:v15 CANDIDATE t0=6489.35 yank=2.18g quietAt=6490.86 B(abs)=n/a B(rel)=-0.32; 6491.948:v15 BARO abs drop reason=degradedAccuracy acc=23.21"
-1785059470.984,"6494.701:v15 LANDING noRiseAbort-softClose impact=0.00g air=5.00"
-1785059469.732,"6495.694:v15 REJECT reason=gateNoJumpEvidence dCrs=11.46 drop=1.03 yank=2.18; 6495.694:v15 REJECT reason=gateNoJumpEvidence dCrs=18.36 drop=0.99 yank=1.39; 6495.694:v15 REJECT reason=gateNoJumpEvidence dCrs=18.36 drop=0.99 yank=1.55; 6495.695:v15 CANDIDATE t0=6493.55 yank=1.60g quietAt=6495.35 B(abs)=n/a B(rel)=-0.09; 6495.932:v15 BARO abs drop reason=degradedAccuracy acc=23.21"
-1785059465.976,"6499.697:v15 LANDING noRiseAbort-softClose impact=0.00g air=5.00"
-1785059464.724,"6500.698:v15 REJECT reason=gateNoJumpEvidence dCrs=14.88 drop=0.88 yank=1.60; 6500.699:v15 CANDIDATE t0=6495.56 yank=1.38g quietAt=6499.56 B(abs)=n/a B(rel)=n/a; 6500.932:v15 BARO abs drop reason=degradedAccuracy acc=23.21"
-1785059463.472,"6501.699:v15 IMPACT pending=1.95g air=5.66"
-1785059462.219,"6503.698:v15 LANDING impact impact=3.09g air=5.91; 6503.699:v15 REJECT reason=gateNoJumpEvidence dCrs=9.85 drop=0.78 yank=1.38; 6503.699:v15 REJECT reason=gateNoJumpEvidence dCrs=9.70 drop=0.80 yank=1.36; 6503.699:v15 REJECT reason=gateNoJumpEvidence dCrs=6.27 drop=0.82 yank=1.27; 6503.699:v15 REJECT reason=gateNoJumpEvidence dCrs=6.52 drop=0.85 yank=1.27; 6503.699:v15 REJECT reason=gateNoJumpEvidence dCrs=6.52 drop=0.85 yank=1.34; 6503.700:v15 REJECT reason=gateNoJumpEvidence dCrs=9.15 drop=0.88 yank=1.22; 6503.700:v15 CANDIDATE t0=6501.46 yank=3.09g quietAt=6502.97 B(abs)=n/a B(rel)=n/a; 6503.927:v15 BARO abs drop reason=degradedAccuracy acc=23.21"
-1785059460.967,"6504.695:v15 IMPACT pending=2.01g air=2.22"
-1785059459.715,"6505.700:v15 LANDING impact impact=3.39g air=2.31; 6503.779:JUMP(v15) FINAL h=1.7m src=ballistic air=2.31s dist=10.61m hFit=-1.0 hRel=-1.0 hBal=1.7 arcPts=0 yank=3.09g impact=3.39g float=0.54 rot=0.79 hard=true conf=50.0 latency=1.5s; 6505.705:v15 JUMP h=1.70m src=ballistic air=2.31s conf=0.50; 6505.705:v15 REJECT(open) reason=retriggerGuard; 6505.922:v15 BARO abs drop reason=degradedAccuracy acc=23.21"
-1785059458.463,"6506.693:v15 REJECT(open) reason=retriggerGuard; 6506.911:v15 BARO abs drop reason=degradedAccuracy acc=23.22"
-1785059457.211,"6507.699:v15 REJECT(open) reason=retriggerGuard; 6507.913:v15 BARO abs drop reason=degradedAccuracy acc=23.22; 6508.699:v15 REJECT(open) reason=retriggerGuard; 6508.915:v15 BARO abs drop reason=degradedAccuracy acc=23.22"
-1785059455.959,"6509.699:v15 REJECT(open) reason=retriggerGuard; 6509.906:v15 BARO abs drop reason=degradedAccuracy acc=23.22"
-1785059454.707,"6510.699:v15 REJECT(open) reason=retriggerGuard; 6510.910:v15 BARO abs drop reason=degradedAccuracy acc=23.22"
-1785059453.454,"6511.700:v15 CANDIDATE t0=6509.08 yank=1.46g quietAt=6511.30 B(abs)=n/a B(rel)=n/a"
-1785059425.858,"6539.694:v15 REJECT reason=maxFlightExceeded air=30.00; 6539.694:v15 CANDIDATE t0=6538.09 yank=1.81g quietAt=6539.08 B(abs)=n/a B(rel)=-4.04; 6539.695:v15 IMPACT pending=2.00g air=1.29; 6539.858:v15 BARO abs drop reason=degradedAccuracy acc=23.22"
-1785059423.353,"6541.698:v15 IMPACT discarded=2.00g — early mid-flight jolt (quiet resumed)"
-1785059422.101,"6543.698:v15 LANDING noRiseAbort-softClose impact=0.00g air=5.00"
-1785059420.849,"6544.693:v15 REJECT reason=gateNoJumpEvidence dCrs=6.87 drop=0.96 yank=1.81; 6544.693:v15 REJECT reason=gateNoJumpEvidence dCrs=3.11 drop=0.98 yank=1.57; 6544.693:v15 REJECT reason=gateNoJumpEvidence dCrs=3.79 drop=0.97 yank=1.59; 6544.693:v15 CANDIDATE t0=6542.48 yank=1.63g quietAt=6544.09 B(abs)=n/a B(rel)=-3.39; 6544.846:v15 BARO abs drop reason=degradedAccuracy acc=23.22"
-1785059417.093,"6547.701:v15 LANDING noRiseAbort-softClose impact=0.00g air=5.00; 6548.699:v15 REJECT reason=gateNoJumpEvidence dCrs=7.76 drop=0.92 yank=1.63; 6548.700:v15 CANDIDATE t0=6544.81 yank=1.82g quietAt=6548.48 B(abs)=n/a B(rel)=-3.62; 6548.844:v15 BARO abs drop reason=degradedAccuracy acc=23.22"
-1785059414.588,"6550.696:v15 LANDING noRiseAbort-softClose impact=0.00g air=5.00"
-1785059413.336,"6551.697:v15 REJECT reason=gateNoJumpEvidence dCrs=1.99 drop=0.89 yank=1.82; 6551.698:v15 CANDIDATE t0=6549.67 yank=1.63g quietAt=6550.82 B(abs)=n/a B(rel)=n/a; 6551.827:v15 BARO abs drop reason=degradedAccuracy acc=23.22"
-1785059402.067,"6563.699:v15 IMPACT pending=2.67g air=13.39"
-1785059400.815,"6565.690:v15 LANDING impact impact=3.99g air=13.43"
-1785059399.563,"6565.692:v15 REJECT reason=gateNoJumpEvidence dCrs=15.54 drop=0.97 yank=1.63; 6565.692:v15 REJECT reason=gateNoJumpEvidence dCrs=15.13 drop=1.04 yank=1.43; 6565.692:v15 REJECT reason=gateNoJumpEvidence dCrs=12.26 drop=1.07 yank=1.29; 6565.693:v15 REJECT reason=gateNoJumpEvidence dCrs=12.26 drop=1.07 yank=1.25; 6565.693:v15 REJECT reason=floatBelowMin float=0.32; 6565.693:v15 REJECT reason=gateNoJumpEvidence dCrs=12.17 drop=0.99 yank=1.27; 6565.693:v15 CANDIDATE t0=6563.09 yank=3.99g quietAt=6564.60 B(abs)=n/a B(rel)=-2.25; 6565.696:v15 IMPACT pending=2.14g air=2.20; 6565.802:v15 BARO abs drop reason=degradedAccuracy acc=23.22"
-1785059398.311,"6567.698:v15 LANDING impact impact=2.90g air=2.32"
-1785059397.059,"6565.414:JUMP(v15) FINAL h=1.67m src=ballistic air=2.32s dist=7.47m hFit=-1.0 hRel=-1.0 hBal=1.67 arcPts=0 yank=3.99g impact=2.9g float=0.59 rot=0.75 hard=true conf=50.0 latency=1.5s; 6567.703:v15 JUMP h=1.67m src=ballistic air=2.32s conf=0.50; 6567.704:v15 REJECT(open) reason=retriggerGuard; 6567.805:v15 BARO abs drop reason=degradedAccuracy acc=23.22; 6568.698:v15 REJECT(open) reason=retriggerGuard; 6568.799:v15 BARO abs drop reason=degradedAccuracy acc=23.22"
-1785059395.806,"6569.698:v15 REJECT(open) reason=retriggerGuard; 6569.800:v15 BARO abs drop reason=degradedAccuracy acc=23.22"
-1785059394.554,"6570.690:v15 REJECT(open) reason=retriggerGuard; 6570.801:v15 BARO abs drop reason=degradedAccuracy acc=23.22"
-1785059393.302,"6571.698:v15 REJECT(open) reason=retriggerGuard; 6571.792:v15 BARO abs drop reason=degradedAccuracy acc=23.22; 6572.698:v15 REJECT(open) reason=retriggerGuard"
-1785059392.020,"6572.793:v15 BARO abs drop reason=degradedAccuracy acc=23.22; 6573.691:v15 CANDIDATE t0=6570.44 yank=1.39g quietAt=6573.04 B(abs)=n/a B(rel)=n/a"
-1785059387.011,"6578.783:v15 BARO abs drop reason=degradedAccuracy acc=23.23"
-1785059364.473,"6600.694:v15 REJECT reason=maxFlightExceeded air=30.00; 6600.695:v15 CANDIDATE t0=6597.19 yank=1.53g quietAt=6600.44 B(abs)=n/a B(rel)=-0.36; 6600.804:v15 BARO abs drop reason=degradedAccuracy acc=23.23"
-1785059363.221,"6602.699:v15 LANDING noRiseAbort-softClose impact=0.00g air=5.00"
-1785059361.969,"6603.693:v15 REJECT reason=gateNoJumpEvidence dCrs=3.30 drop=1.03 yank=1.53; 6603.693:v15 CANDIDATE t0=6600.71 yank=1.33g quietAt=6603.19 B(abs)=n/a B(rel)=-0.28; 6603.737:v15 BARO abs drop reason=degradedAccuracy acc=23.23"
-1785059359.465,"6606.698:v15 LANDING noRiseAbort-softClose impact=0.00g air=5.00"
-1785059358.212,"6607.690:v15 REJECT reason=gateNoJumpEvidence dCrs=0.01 drop=1.02 yank=1.33; 6607.691:v15 CANDIDATE t0=6602.85 yank=1.55g quietAt=6606.72 B(abs)=n/a B(rel)=-0.18; 6607.692:v15 IMPACT pending=1.94g air=4.29; 6607.733:v15 BARO abs drop reason=degradedAccuracy acc=23.23"
-1785059355.708,"6609.690:v15 LANDING impact impact=1.94g air=4.29; 6609.691:v15 REJECT reason=gateNoJumpEvidence dCrs=3.53 drop=1.02 yank=1.55; 6609.692:v15 REJECT reason=gateNoJumpEvidence dCrs=8.27 drop=1.02 yank=1.33; 6609.692:v15 REJECT reason=gateNoJumpEvidence dCrs=5.22 drop=1.02 yank=1.23; 6609.692:v15 REJECT reason=gateNoJumpEvidence dCrs=3.53 drop=1.02 yank=1.37; 6609.693:v15 REJECT reason=gateNoJumpEvidence dCrs=4.24 drop=1.02 yank=1.32; 6609.693:v15 REJECT reason=gateNoJumpEvidence dCrs=9.22 drop=1.01 yank=1.24; 6609.693:v15 CANDIDATE t0=6607.14 yank=1.94g quietAt=6608.65 B(abs)=n/a B(rel)=n/a; 6609.725:v15 BARO abs drop reason=degradedAccuracy acc=23.23"
-1785059349.447,"6615.701:v15 IMPACT pending=2.24g air=8.29"
-1785059348.195,"6617.699:v15 LANDING impact impact=4.39g air=8.34; 6617.699:v15 REJECT reason=gateNoJumpEvidence dCrs=12.60 drop=1.02 yank=1.94; 6617.699:v15 REJECT reason=gateNoJumpEvidence dCrs=4.35 drop=1.06 yank=1.50; 6617.700:v15 REJECT reason=gateNoJumpEvidence dCrs=4.35 drop=1.06 yank=1.77; 6617.701:v15 REJECT reason=gateNoJumpEvidence dCrs=4.26 drop=1.05 yank=1.60; 6617.701:v15 REJECT reason=gateNoJumpEvidence dCrs=3.99 drop=1.03 yank=1.29; 6617.701:v15 REJECT reason=gateNoJumpEvidence dCrs=3.66 drop=1.01 yank=1.54; 6617.702:v15 CANDIDATE(reanchor) t0=6615.48 yank=4.39g; 6617.702:v15 CANDIDATE t0=6615.48 yank=4.39g quietAt=6616.99 B(abs)=n/a B(rel)=0.11; 6617.709:v15 BARO abs drop reason=degradedAccuracy acc=23.23"
-1785059346.943,"6618.692:v15 IMPACT pending=2.16g air=2.66"
-1785059345.691,"6620.694:v15 LANDING impact impact=3.14g air=2.74"
-1785059344.439,"6618.219:JUMP(v15) FINAL h=1.76m src=ballistic air=2.74s dist=14.8m hFit=-1.0 hRel=-1.0 hBal=1.76 arcPts=0 yank=4.39g impact=3.14g float=0.52 rot=0.88 hard=true conf=50.0 latency=1.5s; 6620.699:v15 JUMP h=1.76m src=ballistic air=2.74s conf=0.50; 6620.699:v15 REJECT(open) reason=retriggerGuard; 6620.707:v15 BARO abs drop reason=degradedAccuracy acc=23.23; 6621.688:v15 REJECT(open) reason=retriggerGuard"
-1785059343.187,"6621.706:v15 BARO abs drop reason=degradedAccuracy acc=23.23; 6622.696:v15 REJECT(open) reason=retriggerGuard; 6622.701:v15 BARO abs drop reason=degradedAccuracy acc=23.23"
-1785059341.935,"6623.697:v15 REJECT(open) reason=retriggerGuard; 6623.701:v15 BARO abs drop reason=degradedAccuracy acc=23.23"
-1785059340.683,"6624.701:v15 REJECT(open) reason=retriggerGuard; 6624.704:v15 BARO abs drop reason=degradedAccuracy acc=23.23; 6625.698:v15 CANDIDATE t0=6623.49 yank=1.56g quietAt=6624.73 B(abs)=n/a B(rel)=n/a"
-1785059329.408,"6635.702:v15 IMPACT pending=1.91g air=11.96"
-1785059328.156,"6637.698:v15 LANDING impact impact=1.95g air=12.01; 6637.698:v15 REJECT reason=gateEntrySpeed vin=4.06; 6637.699:v15 REJECT reason=gateNoJumpEvidence dCrs=12.20 drop=1.14 yank=1.44; 6637.701:v15 REJECT reason=gateNoJumpEvidence dCrs=7.55 drop=1.16 yank=1.35; 6637.701:v15 REJECT reason=gateNoJumpEvidence dCrs=7.55 drop=1.16 yank=1.57; 6637.701:v15 REJECT reason=gateNoJumpEvidence dCrs=10.40 drop=1.13 yank=1.31; 6637.702:v15 REJECT reason=gateNoJumpEvidence dCrs=10.40 drop=1.13 yank=1.58; 6637.702:v15 CANDIDATE t0=6635.50 yank=1.95g quietAt=6637.01 B(abs)=n/a B(rel)=-2.57; 6638.006:v15 BARO abs drop reason=degradedAccuracy acc=23.23"
-1785059324.400,"6640.701:v15 LANDING noRiseAbort-softClose impact=0.00g air=5.00"
-1785059323.148,"6641.696:v15 REJECT reason=gateNoJumpEvidence dCrs=3.94 drop=0.82 yank=1.95; 6641.698:v15 REJECT reason=floatBelowMin float=0.34; 6641.698:v15 CANDIDATE t0=6639.45 yank=1.39g quietAt=6641.50 B(abs)=n/a B(rel)=-3.00; 6642.003:v15 BARO abs drop reason=degradedAccuracy acc=23.23"
-1785059316.887,"6648.697:v15 IMPACT pending=2.03g air=8.21"
-1785059315.635,"6649.697:v15 LANDING impact impact=2.03g air=8.21; 6649.697:v15 REJECT reason=gateNoJumpEvidence dCrs=4.29 drop=0.91 yank=1.39; 6649.697:v15 REJECT reason=gateNoJumpEvidence dCrs=6.56 drop=1.01 yank=1.27; 6649.697:v15 REJECT reason=gateNoJumpEvidence dCrs=10.19 drop=1.04 yank=1.46; 6649.698:v15 REJECT reason=gateNoJumpEvidence dCrs=10.19 drop=1.04 yank=1.28; 6649.698:v15 REJECT reason=gateNoJumpEvidence dCrs=9.28 drop=1.05 yank=1.59; 6649.698:v15 REJECT reason=gateNoJumpEvidence dCrs=8.14 drop=1.04 yank=1.79; 6649.698:v15 CANDIDATE t0=6647.66 yank=2.03g quietAt=6649.17 B(abs)=n/a B(rel)=-2.17; 6649.985:v15 BARO abs drop reason=degradedAccuracy acc=23.23"
-1785059313.130,"6652.309:v15 BARO abs drop reason=degradedAccuracy acc=23.24"
-1785059311.878,"6653.692:v15 LANDING noRiseAbort-softClose impact=0.00g air=5.00; 6654.694:v15 REJECT reason=gateNoJumpEvidence dCrs=1.11 drop=1.00 yank=2.03; 6654.695:v15 REJECT reason=gateNoJumpEvidence dCrs=8.14 drop=1.04 yank=1.79; 6654.695:v15 CANDIDATE t0=6650.24 yank=1.63g quietAt=6653.67 B(abs)=n/a B(rel)=-2.17"
-1785059310.626,"6654.973:v15 BARO abs drop reason=degradedAccuracy acc=23.24"
-1785059309.374,"6655.699:v15 LANDING noRiseAbort-softClose impact=0.00g air=5.00"
-1785059308.122,"6656.693:v15 REJECT reason=gateNoJumpEvidence dCrs=4.85 drop=0.99 yank=1.63; 6656.693:v15 CANDIDATE t0=6654.16 yank=1.56g quietAt=6656.24 B(abs)=n/a B(rel)=n/a; 6656.966:v15 BARO abs drop reason=degradedAccuracy acc=23.24"
-1785059303.113,"6662.694:v15 IMPACT pending=1.96g air=7.99"
-1785059300.609,"6664.692:v15 LANDING impact impact=5.48g air=8.25; 6664.692:v15 REJECT reason=gateNoJumpEvidence dCrs=10.69 drop=1.01 yank=1.56; 6664.692:v15 REJECT reason=floatBelowMin float=0.34; 6664.693:v15 REJECT reason=gateNoJumpEvidence dCrs=8.90 drop=1.03 yank=1.25; 6664.693:v15 REJECT reason=gateNoJumpEvidence dCrs=4.96 drop=1.03 yank=1.32; 6664.693:v15 REJECT reason=floatBelowMin float=0.34; 6664.693:v15 REJECT reason=floatBelowMin float=0.32; 6664.693:v15 CANDIDATE(reanchor) t0=6662.41 yank=5.48g; 6664.693:v15 CANDIDATE t0=6662.41 yank=5.48g quietAt=6663.92 B(abs)=n/a B(rel)=-2.30; 6664.951:v15 BARO abs drop reason=degradedAccuracy acc=23.24"
-1785059299.357,"6665.693:v15 IMPACT pending=2.33g air=2.88"
-1785059298.105,"6667.698:v15 LANDING impact impact=2.86g air=3.00; 6665.409:JUMP(v15) FINAL h=1.61m src=ballistic air=3.0s dist=16.38m hFit=-1.0 hRel=-1.0 hBal=1.61 arcPts=0 yank=5.48g impact=2.86g float=0.56 rot=0.65 hard=true conf=50.0 latency=1.5s; 6667.703:v15 JUMP h=1.61m src=ballistic air=3.00s conf=0.50; 6667.703:v15 REJECT(open) reason=retriggerGuard; 6667.946:v15 BARO abs drop reason=degradedAccuracy acc=23.24"
-1785059296.853,"6668.697:v15 REJECT(open) reason=retriggerGuard; 6668.947:v15 BARO abs drop reason=degradedAccuracy acc=23.24"
-1785059295.601,"6669.699:v15 REJECT(open) reason=retriggerGuard; 6670.041:v15 BARO abs drop reason=degradedAccuracy acc=23.24"
-1785059294.348,"6670.699:v15 REJECT(open) reason=retriggerGuard; 6670.941:v15 BARO abs drop reason=degradedAccuracy acc=23.24"
-1785059293.096,"6671.695:v15 REJECT(open) reason=retriggerGuard; 6671.942:v15 BARO abs drop reason=degradedAccuracy acc=23.24; 6672.700:v15 REJECT(open) reason=retriggerGuard; 6672.944:v15 BARO abs drop reason=degradedAccuracy acc=23.24"
-1785059291.804,"6673.691:v15 REJECT(open) reason=retriggerGuard; 6673.937:v15 BARO abs drop reason=degradedAccuracy acc=23.24"
-1785059290.552,"6674.693:v15 CANDIDATE t0=6672.77 yank=1.47g quietAt=6674.30 B(abs)=n/a B(rel)=-0.75"
-1785059261.753,"6703.698:v15 REJECT reason=maxFlightExceeded air=30.00; 6703.698:v15 CANDIDATE t0=6700.96 yank=1.51g quietAt=6702.77 B(abs)=n/a B(rel)=-0.46; 6703.877:v15 BARO abs drop reason=degradedAccuracy acc=23.24"
-1785059259.249,"6706.698:v15 LANDING noRiseAbort-softClose impact=0.00g air=5.00"
-1785059257.996,"6707.698:v15 REJECT reason=gateNoJumpEvidence dCrs=4.05 drop=0.99 yank=1.51; 6707.700:v15 CANDIDATE t0=6705.84 yank=1.54g quietAt=6706.97 B(abs)=n/a B(rel)=-0.18; 6707.875:v15 BARO abs drop reason=degradedAccuracy acc=23.24"
-1785059254.240,"6711.698:v15 LANDING noRiseAbort-softClose impact=0.00g air=5.00"
-1785059252.988,"6712.699:v15 REJECT reason=gateNoJumpEvidence dCrs=0.31 drop=1.01 yank=1.54; 6712.699:v15 CANDIDATE t0=6708.03 yank=1.49g quietAt=6711.85 B(abs)=n/a B(rel)=0.01; 6712.861:v15 BARO abs drop reason=degradedAccuracy acc=23.24"
-1785059251.736,"6713.691:v15 IMPACT pending=2.02g air=4.56"
-1785059249.232,"6715.695:v15 LANDING impact impact=3.10g air=5.63; 6715.695:v15 REJECT reason=gateNoJumpEvidence dCrs=4.48 drop=1.03 yank=1.49; 6715.695:v15 REJECT reason=gateNoJumpEvidence dCrs=9.72 drop=1.03 yank=1.40; 6715.695:v15 REJECT reason=gateNoJumpEvidence dCrs=4.48 drop=1.03 yank=1.47; 6715.696:v15 REJECT reason=gateNoJumpEvidence dCrs=4.24 drop=1.01 yank=1.47; 6715.696:v15 REJECT reason=gateNoJumpEvidence dCrs=6.35 drop=1.00 yank=1.34; 6715.696:v15 REJECT reason=gateNoJumpEvidence dCrs=10.18 drop=1.00 yank=1.42; 6715.696:v15 CANDIDATE t0=6713.66 yank=3.10g quietAt=6715.16 B(abs)=n/a B(rel)=n/a; 6715.857:v15 BARO abs drop reason=degradedAccuracy acc=23.24; 6716.699:v15 IMPACT pending=2.05g air=2.46"
-1785059246.727,"6718.695:v15 LANDING impact impact=2.32g air=2.54; 6716.196:JUMP(v15) FINAL h=1.61m src=ballistic air=2.54s dist=22.06m hFit=-1.0 hRel=-1.0 hBal=1.61 arcPts=0 yank=3.1g impact=2.32g float=0.6 rot=0.66 hard=true conf=50.0 latency=1.5s; 6718.701:v15 JUMP h=1.61m src=ballistic air=2.54s conf=0.50; 6718.701:v15 REJECT(open) reason=retriggerGuard; 6718.854:v15 BARO abs drop reason=degradedAccuracy acc=23.24; 6719.697:v15 REJECT(open) reason=retriggerGuard"
-1785059245.475,"6719.856:v15 BARO abs drop reason=degradedAccuracy acc=23.24; 6720.697:v15 REJECT(open) reason=retriggerGuard"
-1785059244.223,"6720.846:v15 BARO abs drop reason=degradedAccuracy acc=23.24; 6721.695:v15 REJECT(open) reason=retriggerGuard; 6721.848:v15 BARO abs drop reason=degradedAccuracy acc=23.24"
-1785059242.971,"6722.697:v15 REJECT(open) reason=retriggerGuard; 6722.849:v15 BARO abs drop reason=degradedAccuracy acc=23.24"
-1785059241.719,"6723.691:v15 REJECT(open) reason=retriggerGuard; 6723.892:v15 BARO abs drop reason=degradedAccuracy acc=23.24; 6724.171:v15 BARO abs drop reason=degradedAccuracy acc=23.25"
-1785059240.467,"6724.698:v15 CANDIDATE t0=6722.68 yank=1.81g quietAt=6723.71 B(abs)=n/a B(rel)=n/a"
-1785059234.206,"6731.698:v15 IMPACT pending=1.92g air=8.18"
-1785059231.677,"6734.688:v15 LANDING impact impact=3.36g air=9.36; 6734.688:v15 REJECT reason=ballisticAboveHardCap hBal=16.46 air=9.36; 6734.689:v15 REJECT reason=ballisticAboveHardCap hBal=7.65 air=6.31; 6734.690:v15 RESCUE folded jump t0=6726.76 land=6731.07 air=4.31; 6731.071:JUMP(v15) FINAL h=1.65m src=ballistic air=4.31s dist=39.9m hFit=-1.0 hRel=-1.0 hBal=1.65 arcPts=0 yank=1.44g impact=2.07g float=0.41 rot=0.72 hard=true conf=50.0 latency=2.5s; 6734.695:v15 JUMP h=1.65m src=ballistic air=4.31s conf=0.50; 6734.696:v15 REJECT(open) reason=retriggerGuard"
-1785059230.424,"6734.819:v15 BARO abs drop reason=degradedAccuracy acc=23.25; 6735.690:v15 REJECT(open) reason=retriggerGuard"
-1785059229.172,"6735.821:v15 BARO abs drop reason=degradedAccuracy acc=23.25; 6736.696:v15 REJECT(open) reason=retriggerGuard; 6736.822:v15 BARO abs drop reason=degradedAccuracy acc=23.25"
-1785059227.920,"6737.698:v15 REJECT(open) reason=retriggerGuard; 6737.815:v15 BARO abs drop reason=degradedAccuracy acc=23.25; 6738.696:v15 REJECT(open) reason=retriggerGuard"
-1785059226.668,"6738.816:v15 BARO abs drop reason=degradedAccuracy acc=23.25; 6739.696:v15 REJECT(open) reason=retriggerGuard"
-1785059225.416,"6739.819:v15 BARO abs drop reason=degradedAccuracy acc=23.25; 6740.696:v15 REJECT(open) reason=retriggerGuard"
-1785059224.164,"6740.811:v15 BARO abs drop reason=degradedAccuracy acc=23.25; 6741.694:v15 CANDIDATE t0=6739.65 yank=1.90g quietAt=6740.55 B(abs)=n/a B(rel)=-2.74"
-1785059220.407,"6745.697:v15 LANDING noRiseAbort-softClose impact=0.00g air=5.00"
-1785059219.155,"6746.697:v15 REJECT reason=softEcho dt=7.62; 6746.698:v15 CANDIDATE t0=6744.42 yank=1.70g quietAt=6745.66 B(abs)=n/a B(rel)=-2.26; 6746.800:v15 BARO abs drop reason=degradedAccuracy acc=23.25"
-1785059215.399,"6749.695:v15 LANDING noRiseAbort-softClose impact=0.00g air=5.00"
-1785059214.147,"6750.700:v15 REJECT reason=gateNoJumpEvidence dCrs=1.44 drop=0.99 yank=1.70; 6750.700:v15 CANDIDATE t0=6747.24 yank=1.87g quietAt=6750.43 B(abs)=n/a B(rel)=-2.09; 6750.797:v15 BARO abs drop reason=degradedAccuracy acc=23.25"
-1785059211.642,"6754.695:v15 LANDING noRiseAbort-softClose impact=0.00g air=6.28"
-1785059210.390,"6754.699:v15 REJECT reason=gateNoJumpEvidence dCrs=10.33 drop=0.96 yank=1.87; 6754.700:v15 CANDIDATE t0=6751.12 yank=1.82g quietAt=6754.52 B(abs)=n/a B(rel)=n/a; 6754.783:v15 BARO abs drop reason=degradedAccuracy acc=23.25"
-1785059194.113,"6771.700:v15 IMPACT pending=1.90g air=19.95"
-1785059192.860,"6773.688:v15 LANDING impact impact=1.97g air=19.96; 6773.688:v15 REJECT reason=gateNoJumpEvidence dCrs=4.46 drop=0.89 yank=1.82; 6773.688:v15 REJECT reason=gateNoJumpEvidence dCrs=2.04 drop=1.07 yank=1.55; 6773.689:v15 REJECT reason=gateNoJumpEvidence dCrs=2.04 drop=1.07 yank=1.73; 6773.689:v15 REJECT reason=gateNoJumpEvidence dCrs=0.82 drop=1.05 yank=1.40; 6773.690:v15 REJECT reason=gateNoJumpEvidence dCrs=0.95 drop=1.02 yank=1.40; 6773.690:v15 REJECT reason=gateNoJumpEvidence dCrs=0.53 drop=0.98 yank=1.43; 6773.690:v15 CANDIDATE t0=6771.08 yank=1.97g quietAt=6772.59 B(abs)=n/a B(rel)=-1.58"
-1785059191.608,"6773.747:v15 BARO abs drop reason=degradedAccuracy acc=23.25"
-1785059189.104,"6776.692:v15 LANDING noRiseAbort-softClose impact=0.00g air=5.00"
-1785059187.852,"6777.693:v15 REJECT reason=gateNoJumpEvidence dCrs=4.14 drop=0.91 yank=1.97; 6777.694:v15 REJECT reason=gateNoJumpEvidence dCrs=0.53 drop=0.98 yank=1.28; 6777.694:v15 REJECT reason=floatBelowMin float=0.29; 6777.694:v15 CANDIDATE t0=6774.49 yank=1.36g quietAt=6777.09 B(abs)=n/a B(rel)=n/a; 6777.747:v15 BARO abs drop reason=degradedAccuracy acc=23.25"
-1785059184.096,"6781.700:v15 IMPACT pending=1.90g air=6.72"
-1785059179.087,"6786.697:v15 LANDING impact impact=2.61g air=9.61; 6786.698:v15 REJECT reason=ballisticAboveHardCap hBal=14.95 air=9.61; 6786.699:v15 REJECT reason=gateNoJumpEvidence dCrs=23.97 drop=0.94 yank=1.32; 6786.699:v15 REJECT reason=gateNoJumpEvidence dCrs=23.97 drop=0.94 yank=1.26; 6786.699:v15 REJECT reason=gateNoJumpEvidence dCrs=24.22 drop=0.93 yank=1.29; 6786.700:v15 REJECT reason=gateNoJumpEvidence dCrs=11.43 drop=1.01 yank=2.00; 6786.701:v15 RESCUE folded jump t0=6782.87 land=6784.08 air=1.21; 6784.076:JUMP(v15) FINAL h=1.41m src=ballistic air=1.21s dist=11.99m hFit=-1.0 hRel=-1.0 hBal=1.41 arcPts=0 yank=2.32g impact=2.45g float=0.4 rot=0.33 hard=true conf=50.0 latency=1.5s; 6786.706:v15 JUMP h=1.41m src=ballistic air=1.21s conf=0.50; 6786.706:v15 REJECT(open) reason=retriggerGuard; 6786.717:v15 BARO abs drop reason=degradedAccuracy acc=23.25"
-1785059177.835,"6787.699:v15 REJECT(open) reason=retriggerGuard; 6787.720:v15 BARO abs drop reason=degradedAccuracy acc=23.25"
-1785059176.583,"6788.693:v15 REJECT(open) reason=retriggerGuard; 6788.721:v15 BARO abs drop reason=degradedAccuracy acc=23.25"
-1785059175.331,"6789.699:v15 REJECT(open) reason=retriggerGuard; 6789.712:v15 BARO abs drop reason=degradedAccuracy acc=23.25"
-1785059174.074,"6790.700:v15 REJECT(open) reason=retriggerGuard; 6790.714:v15 BARO abs drop reason=degradedAccuracy acc=23.25; 6791.700:v15 CANDIDATE t0=6789.23 yank=1.48g quietAt=6791.35 B(abs)=n/a B(rel)=n/a"
-1785059169.065,"6796.034:v15 BARO abs drop reason=degradedAccuracy acc=23.26; 6796.695:v15 IMPACT pending=2.11g air=6.75"
-1785059165.309,"6799.700:v15 LANDING impact impact=3.69g air=8.58; 6799.701:v15 REJECT reason=gateEntrySpeed vin=4.96; 6799.701:v15 REJECT reason=gateNoJumpEvidence dCrs=0.67 drop=1.17 yank=1.27; 6799.701:v15 REJECT reason=gateNoJumpEvidence dCrs=6.49 drop=1.12 yank=1.40; 6799.702:v15 REJECT reason=gateNoJumpEvidence dCrs=6.49 drop=1.12 yank=1.42; 6799.703:v15 REJECT reason=gateNoJumpEvidence dCrs=5.40 drop=0.98 yank=2.95; 6799.703:v15 BARO abs drop reason=degradedAccuracy acc=23.26"
-1785059164.057,"6800.700:v15 CANDIDATE t0=6797.81 yank=3.69g quietAt=6800.47 B(abs)=n/a B(rel)=-0.23"
-1785059161.552,"6803.697:v15 LANDING noRiseAbort-softClose impact=0.00g air=5.00"
-1785059160.300,"6802.818:JUMP(v15) FINAL h=1.79m src=ballistic air=5.0s dist=32.2m hFit=-1.0 hRel=-1.0 hBal=1.79 arcPts=0 yank=3.69g impact=0.0g float=0.51 rot=0.94 hard=false conf=35.0 latency=1.0s; 6804.699:v15 JUMP h=1.79m src=ballistic air=5.00s conf=0.35; 6804.699:v15 REJECT(open) reason=retriggerGuard; 6805.019:v15 BARO abs drop reason=degradedAccuracy acc=23.26"
-1785059159.048,"6805.699:v15 REJECT(open) reason=retriggerGuard; 6806.020:v15 BARO abs drop reason=degradedAccuracy acc=23.26; 6806.695:v15 REJECT(open) reason=retriggerGuard; 6807.013:v15 BARO abs drop reason=degradedAccuracy acc=23.26"
-1785059157.796,"6807.697:v15 REJECT(open) reason=retriggerGuard; 6808.014:v15 BARO abs drop reason=degradedAccuracy acc=23.26"
-1785059156.544,"6808.697:v15 REJECT(open) reason=retriggerGuard; 6809.016:v15 BARO abs drop reason=degradedAccuracy acc=23.26; 6809.697:v15 REJECT(open) reason=retriggerGuard"
-1785059155.292,"6810.009:v15 BARO abs drop reason=degradedAccuracy acc=23.26; 6810.697:v15 REJECT(open) reason=retriggerGuard"
-1785059154.040,"6811.082:v15 BARO abs drop reason=degradedAccuracy acc=23.26; 6811.698:v15 CANDIDATE t0=6808.08 yank=1.76g quietAt=6810.83 B(abs)=n/a B(rel)=n/a"
-1785059141.518,"6823.702:v15 LANDING gpsSpeedRecovery impact=0.00g air=14.41; 6823.702:v15 REJECT reason=softEcho dt=5.26; 6823.702:v15 CANDIDATE t0=6820.98 yank=1.42g quietAt=6823.49 B(abs)=n/a B(rel)=-1.22; 6823.981:v15 BARO abs drop reason=degradedAccuracy acc=23.26"
-1785059139.014,"6826.689:v15 LANDING noRiseAbort-softClose impact=0.00g air=5.00"
-1785059137.762,"6827.697:v15 REJECT reason=gateEntrySpeed vin=3.50; 6827.698:v15 CANDIDATE t0=6823.41 yank=1.55g quietAt=6826.99 B(abs)=n/a B(rel)=-1.25; 6827.978:v15 BARO abs drop reason=degradedAccuracy acc=23.26"
-1785059136.510,"6829.696:v15 LANDING noRiseAbort-softClose impact=0.00g air=5.10"
-1785059135.258,"6830.696:v15 REJECT reason=gateNoJumpEvidence dCrs=6.09 drop=1.18 yank=1.55; 6830.696:v15 CANDIDATE t0=6827.09 yank=1.43g quietAt=6829.52 B(abs)=n/a B(rel)=n/a; 6830.973:v15 BARO abs drop reason=degradedAccuracy acc=23.26"
-1785059126.468,"6838.700:v15 IMPACT pending=2.05g air=11.03"
-1785059125.216,"6840.698:v15 LANDING impact impact=3.09g air=11.19; 6840.698:v15 REJECT reason=gateNoJumpEvidence dCrs=21.74 drop=0.99 yank=1.43; 6840.698:v15 RESCUE folded jump t0=6833.21 land=6838.28 air=5.07; 6838.283:JUMP(v15) FINAL h=1.6m src=ballistic air=5.07s dist=32.21m hFit=-1.0 hRel=-1.0 hBal=1.6 arcPts=0 yank=1.37g impact=3.08g float=0.4 rot=0.64 hard=true conf=50.0 latency=1.5s; 6840.704:v15 JUMP h=1.60m src=ballistic air=5.07s conf=0.50; 6840.705:v15 REJECT(open) reason=retriggerGuard; 6840.951:v15 BARO abs drop reason=degradedAccuracy acc=23.26"
-1785059123.964,"6841.696:v15 REJECT(open) reason=retriggerGuard; 6841.952:v15 BARO abs drop reason=degradedAccuracy acc=23.26; 6842.696:v15 BARO rel datumStep delta=-43.40 — window reset"
-1785059122.712,"6842.698:v15 REJECT(open) reason=retriggerGuard; 6842.953:v15 BARO abs drop reason=degradedAccuracy acc=23.26"
-1785059121.459,"6843.692:v15 REJECT(open) reason=retriggerGuard; 6843.946:v15 BARO abs drop reason=degradedAccuracy acc=23.26; 6844.697:v15 REJECT(open) reason=retriggerGuard"
-1785059120.207,"6844.949:v15 BARO abs drop reason=degradedAccuracy acc=23.26; 6845.698:v15 CANDIDATE t0=6844.02 yank=1.59g quietAt=6844.93 B(abs)=n/a B(rel)=n/a"
-1785059118.955,"6847.696:v15 BARO rel datumStep delta=18.49 — window reset"
-1785059113.947,"6851.700:v15 IMPACT pending=1.97g air=6.52; 6852.689:v15 BARO rel datumStep delta=10.68 — window reset"
-1785059112.695,"6852.691:v15 LANDING impact impact=2.12g air=6.53; 6852.691:v15 REJECT reason=gateEntrySpeed vin=3.91; 6852.692:v15 REJECT reason=gateEntrySpeed vin=3.00; 6852.692:v15 REJECT(open) reason=gpsSpeedBelowRiding spd=0.62; 6852.930:v15 BARO abs drop reason=degradedAccuracy acc=23.26"
-1785059111.442,"6853.698:v15 REJECT(open) reason=gpsSpeedBelowRiding spd=0.62; 6853.924:v15 BARO abs drop reason=degradedAccuracy acc=23.26"
-1785059110.190,"6854.694:v15 REJECT(open) reason=gpsSpeedBelowRiding spd=0.62; 6854.925:v15 BARO abs drop reason=degradedAccuracy acc=23.26; 6855.701:v15 REJECT(open) reason=gpsSpeedBelowRiding spd=0.18; 6855.927:v15 BARO abs drop reason=degradedAccuracy acc=23.26"
-1785059108.938,"6856.698:v15 REJECT(open) reason=gpsSpeedBelowRiding spd=0.18; 6856.917:v15 BARO abs drop reason=degradedAccuracy acc=23.26"
-1785059107.686,"6857.698:v15 REJECT(open) reason=gpsSpeedBelowRiding spd=0.18; 6857.919:v15 BARO abs drop reason=degradedAccuracy acc=23.26"
-1785059106.434,"6858.698:v15 REJECT(open) reason=gpsSpeedBelowRiding spd=0.07; 6858.921:v15 BARO abs drop reason=degradedAccuracy acc=23.26"
-1785059105.182,"6859.691:v15 REJECT(open) reason=gpsSpeedBelowRiding spd=0.07; 6859.911:v15 BARO abs drop reason=degradedAccuracy acc=23.26; 6860.698:v15 REJECT(open) reason=gpsSpeedBelowRiding spd=0.07; 6860.914:v15 BARO abs drop reason=degradedAccuracy acc=23.26"
-1785059103.930,"6861.694:v15 REJECT(open) reason=gpsSpeedBelowRiding spd=0.10; 6861.906:v15 BARO abs drop reason=degradedAccuracy acc=23.26"
-1785059102.678,"6862.698:v15 REJECT(open) reason=gpsSpeedBelowRiding spd=0.10"
-1785059101.426,"6863.698:v15 REJECT(open) reason=gpsSpeedBelowRiding spd=0.33"
-1785059100.174,"6865.696:v15 ABS frozen (cross-liveness)"
-1785059098.922,"6866.693:v15 REJECT(open) reason=gpsSpeedBelowRiding spd=0.53"
-1785059097.669,"6867.699:v15 CANDIDATE t0=6864.82 yank=1.32g quietAt=6867.08 B(abs)=n/a B(rel)=0.85"
-1785059095.165,"6870.698:v15 LANDING noRiseAbort-softClose impact=0.00g air=5.00"
-1785059093.913,"6871.698:v15 REJECT reason=floatBelowMin float=0.33; 6871.698:v15 CANDIDATE t0=6869.51 yank=1.30g quietAt=6870.83 B(abs)=n/a B(rel)=-2.14"
-1785059091.409,"6874.696:v15 IMPACT pending=1.90g air=4.02"
-1785059090.157,"6875.699:v15 LANDING impact+noRiseAbort impact=1.93g air=4.04; 6875.700:v15 REJECT reason=gateEntrySpeed vin=4.17; 6875.701:v15 REJECT reason=gateEntrySpeed vin=3.56; 6875.701:v15 REJECT reason=gateEntrySpeed vin=4.56; 6875.701:v15 REJECT reason=gateEntrySpeed vin=4.98; 6875.701:v15 REJECT reason=gateNoJumpEvidence dCrs=5.92 drop=1.10 yank=1.29; 6875.701:v15 CANDIDATE t0=6873.54 yank=1.93g quietAt=6874.54 B(abs)=n/a B(rel)=n/a"
-1785059060.097,"6904.698:v15 REJECT reason=maxFlightExceeded air=30.00; 6904.698:v15 CANDIDATE t0=6900.11 yank=1.48g quietAt=6903.55 B(abs)=n/a B(rel)=-2.84; 6905.700:v15 LANDING noRiseAbort-softClose impact=0.00g air=5.00"
-1785059058.845,"6906.699:v15 REJECT reason=gateNoJumpEvidence dCrs=10.89 drop=0.97 yank=1.48; 6906.699:v15 CANDIDATE t0=6903.97 yank=1.47g quietAt=6906.12 B(abs)=n/a B(rel)=-3.11"
-1785059055.089,"6909.698:v15 LANDING noRiseAbort-softClose impact=0.00g air=5.00; 6910.691:v15 REJECT reason=floatBelowMin float=0.32; 6910.692:v15 CANDIDATE t0=6906.00 yank=1.55g quietAt=6909.98 B(abs)=n/a B(rel)=-3.04"
-1785059053.837,"6911.700:v15 LANDING noRiseAbort-softClose impact=0.00g air=5.00"
-1785059052.585,"6912.699:v15 REJECT reason=floatBelowMin float=0.31; 6912.699:v15 CANDIDATE t0=6908.73 yank=1.31g quietAt=6912.01 B(abs)=n/a B(rel)=-2.67"
-1785059050.080,"6916.697:v15 LANDING noRiseAbort-softClose impact=0.00g air=6.79"
-1785059048.828,"6917.697:v15 REJECT reason=floatBelowMin float=0.34; 6917.697:v15 CANDIDATE t0=6915.18 yank=1.64g quietAt=6916.52 B(abs)=n/a B(rel)=n/a"
-1785059032.506,"6933.697:v15 IMPACT pending=2.49g air=17.47"
-1785059030.002,"6935.699:v15 LANDING impact impact=3.91g air=18.50; 6935.699:v15 REJECT reason=gateNoJumpEvidence dCrs=10.69 drop=1.02 yank=1.64; 6935.700:v15 REJECT reason=gateNoJumpEvidence dCrs=22.35 drop=1.02 yank=1.39; 6935.700:v15 REJECT reason=gateNoJumpEvidence dCrs=21.51 drop=1.04 yank=1.21; 6935.700:v15 REJECT reason=gateNoJumpEvidence dCrs=15.02 drop=1.06 yank=1.56; 6935.701:v15 REJECT reason=gateNoJumpEvidence dCrs=10.85 drop=1.08 yank=1.24; 6935.702:v15 CANDIDATE t0=6933.67 yank=3.91g quietAt=6935.18 B(abs)=n/a B(rel)=-5.28"
-1785059028.750,"6936.707:v15 IMPACT pending=2.11g air=2.25"
-1785059026.246,"6938.700:v15 LANDING impact impact=2.63g air=2.70; 6936.372:JUMP(v15) FINAL h=1.89m src=ballistic air=2.7s dist=19.83m hFit=-1.0 hRel=-1.0 hBal=1.89 arcPts=0 yank=3.91g impact=2.63g float=0.56 rot=1.1 hard=true conf=50.0 latency=1.5s; 6938.706:v15 JUMP h=1.89m src=ballistic air=2.70s conf=0.50; 6938.706:v15 REJECT(open) reason=retriggerGuard"
-1785059021.237,"6944.698:v15 REJECT(open) reason=gpsSpeedBelowRiding spd=1.22"
-1785059018.733,"6947.697:v15 BARO rel datumStep delta=-5.16 — window reset"
-1785059017.481,"6947.699:v15 REJECT(open) reason=gpsSpeedBelowRiding spd=0.64"
-1785059016.229,"6948.698:v15 REJECT(open) reason=gpsSpeedBelowRiding spd=0.52; 6949.694:v15 REJECT(open) reason=gpsSpeedBelowRiding spd=1.25"
-1785059014.977,"6950.699:v15 CANDIDATE t0=6948.47 yank=1.38g quietAt=6949.90 B(abs)=n/a B(rel)=n/a; 6951.696:v15 IMPACT pending=1.97g air=2.09"
-1785059012.473,"6953.690:v15 LANDING impact impact=2.92g air=2.71"
-1785059011.221,"6953.691:v15 REJECT reason=gateEntrySpeed vin=3.36; 6953.691:v15 REJECT reason=gateEntrySpeed vin=1.25; 6953.692:v15 REJECT reason=gateEntrySpeed vin=2.32; 6953.692:v15 REJECT reason=gateEntrySpeed vin=4.27; 6953.692:v15 CANDIDATE t0=6951.18 yank=2.92g quietAt=6952.69 B(abs)=n/a B(rel)=-11.59"
-1785059008.717,"6956.701:v15 LANDING noRiseAbort-softClose impact=0.00g air=5.00"
-1785059007.465,"6957.699:v15 REJECT reason=gateNoJumpEvidence dCrs=5.32 drop=1.03 yank=2.92; 6957.700:v15 REJECT reason=gateEntrySpeed vin=4.27; 6957.700:v15 CANDIDATE t0=6954.53 yank=1.46g quietAt=6957.19 B(abs)=n/a B(rel)=n/a"
-1785058991.188,"6974.694:v15 IMPACT pending=1.91g air=19.60"
-1785058988.683,"6976.699:v15 LANDING impact impact=1.97g air=19.63; 6976.723:v15 REJECT reason=gateNoJumpEvidence dCrs=4.67 drop=0.96 yank=1.46; 6976.723:v15 REJECT reason=gateNoJumpEvidence dCrs=3.67 drop=1.01 yank=1.29; 6976.723:v15 REJECT reason=gateNoJumpEvidence dCrs=3.42 drop=1.03 yank=1.48; 6976.723:v15 REJECT reason=gateNoJumpEvidence dCrs=4.71 drop=1.06 yank=1.67; 6976.724:v15 REJECT reason=gateNoJumpEvidence dCrs=4.75 drop=1.08 yank=1.38; 6976.724:v15 REJECT reason=gateNoJumpEvidence dCrs=4.03 drop=1.07 yank=1.47; 6976.724:v15 CANDIDATE t0=6974.16 yank=1.97g quietAt=6975.67 B(abs)=n/a B(rel)=-11.49"
-1785058986.179,"6979.700:v15 LANDING noRiseAbort-softClose impact=0.00g air=5.00"
-1785058984.927,"6980.696:v15 REJECT reason=gateNoJumpEvidence dCrs=3.78 drop=1.01 yank=1.97; 6980.697:v15 REJECT reason=gateNoJumpEvidence dCrs=6.82 drop=1.06 yank=1.24; 6980.697:v15 REJECT reason=gateNoJumpEvidence dCrs=6.82 drop=1.06 yank=1.74; 6980.698:v15 CANDIDATE t0=6978.11 yank=1.44g quietAt=6980.16 B(abs)=n/a B(rel)=-13.44"
-1785058981.171,"6983.699:v15 LANDING noRiseAbort-softClose impact=0.00g air=5.00; 6984.696:v15 REJECT reason=gateNoJumpEvidence dCrs=2.12 drop=1.00 yank=1.44; 6984.697:v15 CANDIDATE t0=6981.04 yank=1.47g quietAt=6984.11 B(abs)=n/a B(rel)=n/a"
-1785058961.117,"7003.700:v15 IMPACT pending=2.64g air=22.11"
-1785058959.865,"7005.697:v15 LANDING impact impact=5.27g air=22.16; 7005.697:v15 REJECT reason=gateNoJumpEvidence dCrs=12.37 drop=0.92 yank=1.47; 7005.698:v15 REJECT reason=gateNoJumpEvidence dCrs=9.84 drop=1.08 yank=1.49; 7005.698:v15 REJECT reason=floatBelowMin float=0.35; 7005.698:v15 REJECT reason=gateNoJumpEvidence dCrs=16.40 drop=1.09 yank=1.40; 7005.699:v15 REJECT reason=gateNoJumpEvidence dCrs=19.72 drop=1.07 yank=1.35; 7005.700:v15 REJECT reason=gateNoJumpEvidence dCrs=16.45 drop=1.05 yank=1.47; 7005.700:v15 CANDIDATE(reanchor) t0=7003.20 yank=5.27g; 7005.700:v15 CANDIDATE t0=7003.20 yank=5.27g quietAt=7004.71 B(abs)=n/a B(rel)=-11.18; 7005.704:v15 IMPACT pending=2.09g air=2.26"
-1785058957.361,"7007.699:v15 LANDING impact impact=2.77g air=2.28; 7005.477:JUMP(v15) FINAL h=1.52m src=ballistic air=2.28s dist=10.51m hFit=-1.0 hRel=-1.0 hBal=1.52 arcPts=0 yank=5.27g impact=2.77g float=0.55 rot=0.52 hard=true conf=50.0 latency=1.5s; 7007.705:v15 JUMP h=1.52m src=ballistic air=2.28s conf=0.50; 7007.705:v15 REJECT(open) reason=retriggerGuard"
-1785058951.101,"7014.698:v15 CANDIDATE t0=7011.06 yank=1.34g quietAt=7014.00 B(abs)=n/a B(rel)=n/a"
-1785058923.505,"7041.695:v15 REJECT reason=maxFlightExceeded air=30.00; 7041.695:v15 CANDIDATE t0=7039.76 yank=1.52g quietAt=7041.06 B(abs)=n/a B(rel)=-7.57"
-1785058919.749,"7045.695:v15 LANDING noRiseAbort-softClose impact=0.00g air=5.00"
-1785058918.497,"7046.697:v15 REJECT reason=gateNoJumpEvidence dCrs=0.00 drop=0.93 yank=1.52; 7046.699:v15 CANDIDATE t0=7042.03 yank=1.57g quietAt=7045.77 B(abs)=n/a B(rel)=-7.69"
-1785058917.245,"7047.694:v15 LANDING noRiseAbort-softClose impact=0.00g air=5.00; 7048.698:v15 REJECT reason=floatBelowMin float=0.35; 7048.698:v15 CANDIDATE t0=7046.72 yank=1.50g quietAt=7048.03 B(abs)=n/a B(rel)=-8.24"
-1785058913.488,"7052.697:v15 LANDING noRiseAbort-softClose impact=0.00g air=5.00"
-1785058912.236,"7053.691:v15 REJECT reason=gateNoJumpEvidence dCrs=6.02 drop=0.91 yank=1.50; 7053.691:v15 CANDIDATE t0=7048.74 yank=1.50g quietAt=7052.72 B(abs)=n/a B(rel)=n/a"
-1785058899.715,"7066.697:v15 IMPACT pending=2.08g air=16.85"
-1785058897.211,"7068.698:v15 LANDING impact impact=5.87g air=17.57; 7068.698:v15 REJECT reason=ballisticAboveHardCap hBal=53.07 air=17.57; 7068.698:v15 REJECT reason=gateNoJumpEvidence dCrs=9.37 drop=1.07 yank=1.46; 7068.699:v15 REJECT reason=gateNoJumpEvidence dCrs=10.62 drop=1.06 yank=1.54; 7068.699:v15 REJECT reason=gateNoJumpEvidence dCrs=13.33 drop=1.03 yank=1.46; 7068.700:v15 REJECT reason=gateNoJumpEvidence dCrs=13.33 drop=1.03 yank=1.53; 7068.700:v15 CANDIDATE(reanchor) t0=7066.31 yank=5.87g; 7068.700:v15 CANDIDATE t0=7066.31 yank=5.87g quietAt=7067.82 B(abs)=n/a B(rel)=-5.76"
-1785058895.959,"7069.697:v15 IMPACT pending=2.02g air=3.08"
-1785058893.455,"7071.694:v15 LANDING impact impact=3.42g air=3.18; 7069.488:JUMP(v15) FINAL h=2.55m src=ballistic air=3.18s dist=17.12m hFit=-1.0 hRel=-1.0 hBal=2.55 arcPts=0 yank=5.87g impact=3.42g float=0.56 rot=2.15 hard=true conf=50.0 latency=1.5s; 7071.700:v15 JUMP h=2.55m src=ballistic air=3.18s conf=0.50; 7072.693:v15 REJECT(open) reason=retriggerGuard"
-1785058890.951,"7075.698:v15 BARO rel datumStep delta=-5.10 — window reset"
-1785058885.943,"7079.697:v15 CANDIDATE t0=7075.37 yank=1.51g quietAt=7078.69 B(abs)=n/a B(rel)=n/a"
-1785058880.934,"7084.699:v15 IMPACT pending=1.90g air=8.68"
-1785058879.682,"7086.697:v15 LANDING impact impact=1.93g air=8.69; 7086.697:v15 REJECT reason=ballisticAboveHardCap hBal=13.45 air=8.69; 7086.697:v15 REJECT reason=gateNoJumpEvidence dCrs=11.45 drop=1.05 yank=1.21; 7086.697:v15 REJECT reason=gateNoJumpEvidence dCrs=8.07 drop=1.06 yank=1.37; 7086.698:v15 REJECT reason=gateNoJumpEvidence dCrs=3.21 drop=1.05 yank=1.34; 7086.698:v15 REJECT reason=gateNoJumpEvidence dCrs=3.21 drop=1.05 yank=1.47; 7086.698:v15 REJECT reason=gateNoJumpEvidence dCrs=2.43 drop=1.05 yank=1.25; 7086.698:v15 CANDIDATE t0=7084.06 yank=1.93g quietAt=7085.57 B(abs)=n/a B(rel)=-16.71"
-1785058875.926,"7089.699:v15 LANDING noRiseAbort-softClose impact=0.00g air=5.00"
-1785058874.654,"7090.698:v15 REJECT reason=gateNoJumpEvidence dCrs=3.20 drop=1.01 yank=1.93; 7090.698:v15 REJECT reason=gateNoJumpEvidence dCrs=0.31 drop=1.03 yank=1.32; 7090.699:v15 CANDIDATE t0=7086.66 yank=1.58g quietAt=7090.07 B(abs)=n/a B(rel)=n/a"
-1785058872.150,"7093.699:v15 QUIET collapse=7092.16 — waiting impact/baroReturn"
-1785058869.645,"7095.701:v15 LANDING impact(late) impact=2.01g air=8.80"
-1785058868.393,"7096.700:v15 REJECT reason=gateNoJumpEvidence dCrs=2.42 drop=0.99 yank=1.58; 7096.700:v15 REJECT reason=gateNoJumpEvidence dCrs=3.25 drop=0.98 yank=1.53; 7096.700:v15 REJECT reason=gateNoJumpEvidence dCrs=6.18 drop=0.99 yank=1.37; 7096.701:v15 REJECT reason=gateNoJumpEvidence dCrs=8.04 drop=0.99 yank=1.53; 7096.702:v15 REJECT reason=gateNoJumpEvidence dCrs=4.54 drop=1.01 yank=1.84; 7096.702:v15 REJECT reason=gateNoJumpEvidence dCrs=5.07 drop=1.02 yank=1.56; 7096.703:v15 CANDIDATE t0=7095.47 yank=2.02g quietAt=7096.47 B(abs)=n/a B(rel)=n/a"
-1785058864.637,"7100.700:v15 IMPACT pending=1.90g air=4.78"
-1785058863.385,"7102.697:v15 LANDING impact impact=1.90g air=4.79"
-1785058862.133,"7102.698:v15 REJECT reason=gateNoJumpEvidence dCrs=3.22 drop=1.03 yank=2.02; 7102.698:v15 REJECT reason=gateNoJumpEvidence dCrs=1.78 drop=1.04 yank=1.70; 7102.698:v15 REJECT reason=gateNoJumpEvidence dCrs=4.60 drop=1.00 yank=1.59; 7102.699:v15 REJECT reason=gateNoJumpEvidence dCrs=4.27 drop=0.98 yank=1.58; 7102.699:v15 REJECT reason=gateNoJumpEvidence dCrs=2.73 drop=0.96 yank=1.48; 7102.699:v15 REJECT reason=gateNoJumpEvidence dCrs=2.73 drop=0.96 yank=1.37; 7102.700:v15 CANDIDATE t0=7100.26 yank=1.90g quietAt=7101.77 B(abs)=n/a B(rel)=n/a; 7102.703:v15 IMPACT pending=2.06g air=2.18"
-1785058860.881,"7104.701:v15 LANDING impact impact=2.41g air=2.70; 7104.701:v15 REJECT reason=gateNoJumpEvidence dCrs=1.18 drop=0.93 yank=1.90; 7104.701:v15 REJECT reason=gateNoJumpEvidence dCrs=5.26 drop=0.93 yank=1.58; 7104.701:v15 REJECT reason=gateNoJumpEvidence dCrs=3.73 drop=0.91 yank=1.48; 7104.701:v15 REJECT reason=gateNoJumpEvidence dCrs=3.73 drop=0.91 yank=1.37; 7104.702:v15 REJECT reason=gateNoJumpEvidence dCrs=1.43 drop=0.93 yank=1.51; 7104.702:v15 CANDIDATE t0=7102.96 yank=2.41g quietAt=7104.47 B(abs)=n/a B(rel)=n/a"
-1785058852.116,"7113.702:v15 IMPACT pending=2.00g air=10.41"
-1785058849.612,"7115.701:v15 LANDING impact impact=2.00g air=10.41; 7115.702:v15 REJECT reason=gateNoJumpEvidence dCrs=6.75 drop=0.87 yank=2.41; 7115.702:v15 REJECT reason=gateNoJumpEvidence dCrs=9.36 drop=0.96 yank=1.35; 7115.702:v15 REJECT reason=gateNoJumpEvidence dCrs=7.34 drop=0.99 yank=1.38; 7115.703:v15 REJECT reason=gateNoJumpEvidence dCrs=2.32 drop=1.03 yank=1.34; 7115.703:v15 REJECT reason=gateNoJumpEvidence dCrs=3.49 drop=1.03 yank=1.45; 7115.704:v15 CANDIDATE t0=7113.38 yank=2.00g quietAt=7114.88 B(abs)=n/a B(rel)=-12.79"
-1785058847.108,"7119.696:v15 LANDING noRiseAbort-softClose impact=0.00g air=5.14"
-1785058844.604,"7120.699:v15 REJECT reason=gateNoJumpEvidence dCrs=9.33 drop=1.03 yank=2.00; 7120.699:v15 REJECT reason=gateNoJumpEvidence dCrs=3.49 drop=1.03 yank=1.45; 7120.700:v15 CANDIDATE t0=7117.39 yank=1.55g quietAt=7119.52 B(abs)=n/a B(rel)=n/a"
-1785058834.587,"7130.701:v15 IMPACT pending=2.12g air=12.91"
-1785058833.285,"7132.697:v15 LANDING impact impact=3.87g air=13.06"
-1785058832.033,"7132.698:v15 REJECT reason=gateNoJumpEvidence dCrs=6.70 drop=0.90 yank=1.55; 7132.698:v15 REJECT reason=gateNoJumpEvidence dCrs=7.92 drop=1.01 yank=1.44; 7132.698:v15 REJECT reason=gateNoJumpEvidence dCrs=7.92 drop=1.01 yank=1.43; 7132.699:v15 REJECT reason=gateNoJumpEvidence dCrs=7.98 drop=1.03 yank=1.30; 7132.699:v15 REJECT reason=gateNoJumpEvidence dCrs=9.72 drop=1.04 yank=1.67; 7132.699:v15 REJECT reason=floatBelowMin float=0.35; 7132.700:v15 CANDIDATE t0=7130.45 yank=3.87g quietAt=7132.16 B(abs)=n/a B(rel)=-12.28; 7133.699:v15 IMPACT pending=1.92g air=2.64"
-1785058830.781,"7135.698:v15 LANDING impact impact=2.15g air=2.66"
-1785058829.529,"7133.114:JUMP(v15) FINAL h=2.1m src=ballistic air=2.66s dist=13.84m hFit=-1.0 hRel=-1.0 hBal=2.1 arcPts=0 yank=3.87g impact=2.15g float=0.45 rot=1.44 hard=true conf=50.0 latency=1.5s; 7135.704:v15 JUMP h=2.10m src=ballistic air=2.66s conf=0.50; 7135.704:v15 REJECT(open) reason=retriggerGuard"
-1785058823.268,"7141.700:v15 CANDIDATE t0=7139.79 yank=1.40g quietAt=7141.31 B(abs)=n/a B(rel)=-9.09; 7142.697:v15 IMPACT pending=2.00g air=1.85"
-1785058822.016,"7143.699:v15 LANDING impact impact=2.18g air=1.88; 7143.699:v15 REJECT reason=gateEntrySpeed vin=2.79; 7143.700:v15 REJECT reason=floatBelowMin float=0.35; 7143.700:v15 REJECT reason=gateEntrySpeed vin=3.86; 7143.700:v15 REJECT reason=floatBelowMin float=0.34; 7143.700:v15 REJECT reason=gateEntrySpeed vin=2.92; 7143.700:v15 REJECT reason=floatBelowMin float=0.34; 7143.700:v15 CANDIDATE t0=7141.67 yank=2.18g quietAt=7143.18 B(abs)=n/a B(rel)=-9.09"
-1785058809.495,"7155.700:v15 IMPACT pending=2.37g air=13.30"
-1785058808.243,"7156.701:v15 LANDING impact impact=2.58g air=13.32; 7156.701:v15 REJECT reason=gateEntrySpeed vin=4.04; 7156.702:v15 REJECT reason=gateNoJumpEvidence dCrs=4.97 drop=1.13 yank=1.49; 7156.702:v15 REJECT reason=gateNoJumpEvidence dCrs=0.55 drop=1.09 yank=1.44; 7156.702:v15 REJECT reason=gateNoJumpEvidence dCrs=0.55 drop=1.09 yank=1.50; 7156.702:v15 REJECT reason=gateNoJumpEvidence dCrs=1.10 drop=1.05 yank=1.40; 7156.702:v15 REJECT reason=gateNoJumpEvidence dCrs=1.37 drop=1.01 yank=1.66; 7156.703:v15 CANDIDATE t0=7154.99 yank=2.58g quietAt=7156.50 B(abs)=n/a B(rel)=-7.22"
-1785058804.487,"7160.699:v15 LANDING noRiseAbort-softClose impact=0.00g air=5.00"
-1785058803.235,"7161.700:v15 REJECT reason=gateNoJumpEvidence dCrs=6.46 drop=1.00 yank=2.58; 7161.701:v15 REJECT reason=gateNoJumpEvidence dCrs=5.15 drop=1.00 yank=1.41; 7161.701:v15 CANDIDATE t0=7159.77 yank=1.51g quietAt=7161.00 B(abs)=n/a B(rel)=n/a"
-1785058774.407,"7190.698:v15 REJECT reason=maxFlightExceeded air=30.00; 7190.698:v15 CANDIDATE t0=7188.03 yank=1.29g quietAt=7189.78 B(abs)=n/a B(rel)=-8.19"
-1785058765.642,"7199.699:v15 IMPACT pending=2.19g air=11.28"
-1785058763.138,"7201.701:v15 LANDING impact impact=2.54g air=11.37; 7201.701:v15 REJECT reason=gateNoJumpEvidence dCrs=12.20 drop=0.88 yank=1.29; 7201.701:v15 REJECT reason=gateNoJumpEvidence dCrs=16.03 drop=0.94 yank=1.27; 7201.702:v15 REJECT reason=gateNoJumpEvidence dCrs=6.76 drop=0.99 yank=1.31; 7201.702:v15 REJECT reason=gateNoJumpEvidence dCrs=6.76 drop=0.99 yank=1.48; 7201.702:v15 REJECT reason=gateNoJumpEvidence dCrs=8.29 drop=1.01 yank=1.43; 7201.702:v15 REJECT reason=gateNoJumpEvidence dCrs=6.65 drop=1.03 yank=1.38; 7201.703:v15 CANDIDATE t0=7199.40 yank=2.54g quietAt=7200.91 B(abs)=n/a B(rel)=-5.73; 7201.705:v15 IMPACT pending=1.99g air=2.09; 7203.696:v15 LANDING impact+splash(rel) impact=4.38g air=2.20"
-1785058761.886,"7201.603:JUMP(v15) FINAL h=1.96m src=ballistic air=2.2s dist=9.93m hFit=-1.0 hRel=-1.0 hBal=1.96 arcPts=0 yank=2.54g impact=4.38g float=0.59 rot=1.21 hard=true conf=50.0 latency=1.0s; 7203.704:v15 JUMP h=1.96m src=ballistic air=2.20s conf=0.50; 7203.705:v15 REJECT(open) reason=retriggerGuard"
-1785058755.626,"7209.700:v15 CANDIDATE t0=7207.48 yank=1.40g quietAt=7208.75 B(abs)=n/a B(rel)=n/a; 7210.696:v15 IMPACT pending=1.94g air=2.12"
-1785058753.122,"7212.698:v15 LANDING impact impact=3.71g air=3.03; 7210.503:JUMP(v15) FINAL h=2.03m src=ballistic air=3.03s dist=25.07m hFit=-1.0 hRel=-1.0 hBal=2.03 arcPts=0 yank=1.4g impact=3.71g float=0.37 rot=1.32 hard=true conf=50.0 latency=1.5s; 7212.703:v15 JUMP h=2.03m src=ballistic air=3.03s conf=0.50"
-1785058748.113,"7217.698:v15 CANDIDATE t0=7216.00 yank=1.60g quietAt=7217.02 B(abs)=n/a B(rel)=n/a; 7217.700:v15 IMPACT pending=2.05g air=1.31"
-1785058745.609,"7219.698:v15 LANDING impact impact=2.96g air=1.36; 7219.699:v15 REJECT reason=gateNoJumpEvidence dCrs=0.79 drop=0.93 yank=1.60; 7219.699:v15 REJECT reason=floatBelowMin float=0.33; 7219.699:v15 REJECT reason=gateNoJumpEvidence dCrs=10.40 drop=1.10 yank=1.26; 7219.700:v15 REJECT reason=gateNoJumpEvidence dCrs=12.58 drop=0.98 yank=1.46; 7219.700:v15 REJECT reason=floatBelowMin float=0.33; 7219.702:v15 CANDIDATE t0=7217.36 yank=2.96g quietAt=7219.30 B(abs)=n/a B(rel)=-15.01"
-1785058743.105,"7222.697:v15 LANDING noRiseAbort-softClose impact=0.00g air=5.00"
-1785058741.853,"7223.700:v15 REJECT reason=softEcho dt=6.86; 7223.701:v15 REJECT reason=gateNoJumpEvidence dCrs=1.95 drop=0.92 yank=1.42; 7223.702:v15 REJECT reason=floatBelowMin float=0.30; 7223.702:v15 CANDIDATE t0=7219.69 yank=1.60g quietAt=7223.37 B(abs)=n/a B(rel)=n/a"
-1785058714.297,"7250.699:v15 REJECT reason=maxFlightExceeded air=30.00; 7250.699:v15 CANDIDATE t0=7245.84 yank=1.41g quietAt=7249.69 B(abs)=n/a B(rel)=-14.07; 7251.698:v15 LANDING noRiseAbort-softClose impact=0.00g air=5.00"
-1785058713.045,"7252.692:v15 REJECT reason=gateNoJumpEvidence dCrs=3.40 drop=0.94 yank=1.41; 7252.693:v15 CANDIDATE t0=7248.69 yank=1.24g quietAt=7251.84 B(abs)=n/a B(rel)=-15.81"
-1785058685.499,"7279.697:v15 REJECT reason=maxFlightExceeded air=30.00; 7279.698:v15 CANDIDATE t0=7276.65 yank=1.79g quietAt=7278.69 B(abs)=n/a B(rel)=-11.41"
-1785058679.238,"7285.694:v15 IMPACT pending=2.13g air=8.79"
-1785058677.986,"7287.692:v15 LANDING impact impact=3.51g air=8.82; 7287.692:v15 REJECT reason=gateNoJumpEvidence dCrs=18.75 drop=0.68 yank=1.79; 7287.692:v15 REJECT reason=gateNoJumpEvidence dCrs=1.25 drop=0.80 yank=1.37; 7287.692:v15 REJECT reason=gateEntrySpeed vin=4.58; 7287.692:v15 REJECT reason=floatBelowMin float=0.34; 7287.692:v15 REJECT reason=floatBelowMin float=0.32; 7287.692:v15 REJECT reason=floatBelowMin float=0.31; 7287.692:v15 CANDIDATE t0=7285.47 yank=3.51g quietAt=7286.98 B(abs)=n/a B(rel)=-10.18; 7287.693:v15 IMPACT pending=2.07g air=1.85"
-1785058675.482,"7289.694:v15 LANDING impact impact=3.02g air=1.93; 7287.396:JUMP(v15) FINAL h=2.05m src=ballistic air=1.93s dist=8.98m hFit=-1.0 hRel=-1.0 hBal=2.05 arcPts=0 yank=3.51g impact=3.02g float=0.56 rot=1.35 hard=true conf=50.0 latency=1.5s; 7289.700:v15 JUMP h=2.05m src=ballistic air=1.93s conf=0.50; 7289.700:v15 REJECT(open) reason=retriggerGuard"
-1785058667.939,"7297.699:v15 CANDIDATE t0=7296.19 yank=1.38g quietAt=7297.09 B(abs)=n/a B(rel)=-8.68"
-1785058639.141,"7326.701:v15 REJECT reason=maxFlightExceeded air=30.00; 7326.701:v15 CANDIDATE t0=7322.64 yank=1.62g quietAt=7326.19 B(abs)=n/a B(rel)=-4.73"
-1785058636.637,"7328.697:v15 LANDING noRiseAbort-softClose impact=0.00g air=5.00; 7329.697:v15 REJECT reason=gateNoJumpEvidence dCrs=5.66 drop=0.86 yank=1.62; 7329.698:v15 CANDIDATE t0=7325.73 yank=1.44g quietAt=7328.65 B(abs)=n/a B(rel)=-4.49"
-1785058626.620,"7338.700:v15 IMPACT pending=1.93g air=12.29"
-1785058624.116,"7341.697:v15 LANDING impact impact=3.97g air=13.46; 7341.698:v15 REJECT reason=ballisticAboveHardCap hBal=28.28 air=13.46; 7341.698:v15 RESCUE folded jump t0=7333.31 land=7339.23 air=5.91; 7339.227:JUMP(v15) FINAL h=1.77m src=ballistic air=5.91s dist=67.0m hFit=-1.0 hRel=-1.0 hBal=1.77 arcPts=5 yank=1.42g impact=2.05g float=0.45 rot=0.91 hard=true conf=50.0 latency=1.5s; 7341.704:v15 JUMP h=1.77m src=ballistic air=5.91s conf=0.50; 7341.704:v15 REJECT(open) reason=retriggerGuard"
-1785058619.108,"7346.700:v15 CANDIDATE t0=7345.22 yank=2.12g quietAt=7346.29 B(abs)=n/a B(rel)=n/a"
-1785058589.038,"7375.699:v15 REJECT reason=maxFlightExceeded air=30.00; 7375.700:v15 CANDIDATE t0=7372.23 yank=1.53g quietAt=7375.22 B(abs)=n/a B(rel)=-9.88"
-1785058586.534,"7379.689:v15 IMPACT pending=1.91g air=6.38"
-1785058584.030,"7380.701:v15 LANDING impact impact=2.15g air=6.40; 7380.701:v15 REJECT reason=gateNoJumpEvidence dCrs=2.74 drop=1.02 yank=1.53; 7380.701:v15 REJECT reason=floatBelowMin float=0.34; 7380.702:v15 REJECT reason=floatBelowMin float=0.31; 7380.702:v15 REJECT reason=floatBelowMin float=0.34; 7380.702:v15 REJECT reason=floatBelowMin float=0.31; 7380.702:v15 REJECT reason=floatBelowMin float=0.27; 7380.703:v15 CANDIDATE t0=7378.63 yank=2.15g quietAt=7380.14 B(abs)=n/a B(rel)=-8.78"
-1785058566.456,"7398.698:v15 IMPACT pending=2.92g air=18.92"
-1785058565.203,"7399.696:v15 LANDING impact impact=4.78g air=18.96; 7399.696:v15 REJECT reason=gateNoJumpEvidence dCrs=6.10 drop=0.88 yank=2.15; 7399.697:v15 REJECT reason=gateNoJumpEvidence dCrs=9.66 drop=1.03 yank=1.72; 7399.697:v15 REJECT reason=gateNoJumpEvidence dCrs=9.66 drop=1.03 yank=1.33; 7399.697:v15 REJECT reason=gateNoJumpEvidence dCrs=13.32 drop=1.03 yank=1.42; 7399.697:v15 REJECT reason=floatBelowMin float=0.35; 7399.698:v15 REJECT reason=gateNoJumpEvidence dCrs=4.48 drop=1.02 yank=1.52; 7399.698:v15 CANDIDATE(reanchor) t0=7397.58 yank=4.78g; 7399.698:v15 CANDIDATE t0=7397.58 yank=4.78g quietAt=7399.09 B(abs)=n/a B(rel)=-9.19; 7400.699:v15 IMPACT pending=1.95g air=2.19"
-1785058563.951,"7401.701:v15 LANDING impact impact=2.57g air=2.34; 7399.928:JUMP(v15) FINAL h=1.61m src=ballistic air=2.34s dist=11.46m hFit=-1.0 hRel=-1.0 hBal=1.61 arcPts=0 yank=4.78g impact=2.57g float=0.62 rot=0.65 hard=true conf=50.0 latency=1.5s; 7401.707:v15 JUMP h=1.61m src=ballistic air=2.34s conf=0.50; 7401.707:v15 REJECT(open) reason=retriggerGuard"
-1785058557.691,"7407.699:v15 CANDIDATE t0=7406.43 yank=1.58g quietAt=7407.34 B(abs)=n/a B(rel)=-6.06"
-1785058528.893,"7436.702:v15 REJECT reason=maxFlightExceeded air=30.00; 7436.703:v15 CANDIDATE t0=7433.01 yank=1.62g quietAt=7436.43 B(abs)=n/a B(rel)=-3.65"
-1785058526.389,"7438.698:v15 LANDING noRiseAbort-softClose impact=0.00g air=5.00"
-1785058525.137,"7439.698:v15 REJECT reason=gateNoJumpEvidence dCrs=10.34 drop=0.83 yank=1.62; 7439.699:v15 CANDIDATE t0=7437.50 yank=1.31g quietAt=7439.01 B(abs)=n/a B(rel)=-3.45"
-1785058522.633,"7442.700:v15 LANDING noRiseAbort-softClose impact=0.00g air=5.00"
-1785058521.381,"7443.690:v15 REJECT reason=gateNoJumpEvidence dCrs=1.19 drop=0.88 yank=1.31; 7443.691:v15 CANDIDATE t0=7441.38 yank=1.45g quietAt=7443.50 B(abs)=n/a B(rel)=n/a"
-1785058493.810,"7471.701:v15 REJECT reason=maxFlightExceeded air=30.00; 7471.702:v15 CANDIDATE t0=7469.92 yank=1.56g quietAt=7471.39 B(abs)=n/a B(rel)=-5.73"
-1785058472.474,"7492.696:v15 IMPACT pending=2.02g air=22.44; 7493.696:v15 LANDING impact+splash(rel) impact=2.49g air=22.45"
-1785058471.222,"7493.700:v15 REJECT reason=ballisticAboveHardCap hBal=84.27 air=22.45; 7493.700:v15 REJECT reason=gateEntrySpeed vin=4.86; 7493.700:v15 REJECT reason=gateEntrySpeed vin=4.00; 7493.700:v15 REJECT reason=gateEntrySpeed vin=2.96; 7493.700:v15 REJECT reason=gateEntrySpeed vin=2.44; 7493.700:v15 REJECT reason=gateEntrySpeed vin=2.46"
-1785058469.970,"7495.690:v15 CANDIDATE t0=7494.03 yank=4.32g quietAt=7495.05 B(abs)=n/a B(rel)=-8.91"
-1785058466.214,"7499.694:v15 LANDING noRiseAbort-softClose impact=0.00g air=5.00"
-1785058464.962,"7499.038:JUMP(v15) FINAL h=1.7m src=ballistic air=5.0s dist=33.55m hFit=-1.0 hRel=-1.0 hBal=1.7 arcPts=0 yank=4.32g impact=0.0g float=0.36 rot=0.53 hard=false conf=35.0 latency=1.0s; 7500.704:v15 JUMP h=1.70m src=ballistic air=5.00s conf=0.35; 7500.704:v15 REJECT(open) reason=retriggerGuard"
-1785058457.449,"7507.695:v15 CANDIDATE t0=7505.60 yank=1.73g quietAt=7507.05 B(abs)=n/a B(rel)=n/a"
-1785058444.929,"7520.698:v15 IMPACT pending=2.06g air=14.12"
-1785058442.424,"7522.699:v15 LANDING impact impact=2.61g air=14.97; 7522.699:v15 REJECT reason=gateNoJumpEvidence dCrs=5.17 drop=0.94 yank=1.73; 7522.700:v15 REJECT reason=gateNoJumpEvidence dCrs=5.12 drop=1.08 yank=1.58; 7522.700:v15 REJECT reason=gateNoJumpEvidence dCrs=5.29 drop=1.07 yank=1.77; 7522.700:v15 REJECT reason=gateNoJumpEvidence dCrs=3.72 drop=1.06 yank=1.79; 7522.701:v15 REJECT reason=gateNoJumpEvidence dCrs=7.24 drop=1.04 yank=1.22; 7522.701:v15 REJECT reason=gateNoJumpEvidence dCrs=7.24 drop=1.04 yank=1.38; 7522.701:v15 CANDIDATE t0=7520.57 yank=2.61g quietAt=7522.08 B(abs)=n/a B(rel)=-15.48"
-1785058421.139,"7543.701:v15 IMPACT pending=1.98g air=22.90"
-1785058419.887,"7545.699:v15 LANDING impact impact=1.98g air=22.91; 7545.699:v15 REJECT reason=gateNoJumpEvidence dCrs=2.58 drop=0.89 yank=2.61; 7545.699:v15 REJECT reason=gateNoJumpEvidence dCrs=9.35 drop=0.99 yank=1.37; 7545.699:v15 REJECT reason=gateNoJumpEvidence dCrs=7.40 drop=0.99 yank=1.28; 7545.700:v15 REJECT reason=gateNoJumpEvidence dCrs=3.41 drop=1.00 yank=1.71; 7545.700:v15 REJECT reason=gateNoJumpEvidence dCrs=6.51 drop=1.01 yank=1.34; 7545.700:v15 REJECT reason=gateNoJumpEvidence dCrs=6.51 drop=1.01 yank=1.40; 7545.700:v15 CANDIDATE t0=7543.48 yank=1.98g quietAt=7544.98 B(abs)=n/a B(rel)=-9.89"
-1785058416.131,"7548.700:v15 LANDING noRiseAbort-softClose impact=0.00g air=5.00; 7549.692:v15 REJECT reason=gateNoJumpEvidence dCrs=2.10 drop=1.01 yank=1.98; 7549.693:v15 REJECT reason=gateNoJumpEvidence dCrs=6.51 drop=1.01 yank=1.40; 7549.693:v15 CANDIDATE t0=7547.72 yank=1.52g quietAt=7549.48 B(abs)=n/a B(rel)=-10.51"
-1785058412.344,"7553.697:v15 LANDING noRiseAbort-softClose impact=0.00g air=5.00"
-1785058411.092,"7554.698:v15 REJECT reason=gateNoJumpEvidence dCrs=5.68 drop=0.95 yank=1.52; 7554.699:v15 CANDIDATE t0=7550.54 yank=1.80g quietAt=7553.73 B(abs)=n/a B(rel)=n/a"
-1785058402.328,"7562.692:v15 IMPACT pending=1.93g air=11.76"
-1785058401.076,"7564.697:v15 LANDING impact impact=2.40g air=11.89; 7564.697:v15 REJECT reason=gateNoJumpEvidence dCrs=6.68 drop=0.94 yank=1.80; 7564.697:v15 REJECT reason=floatBelowMin float=0.33; 7564.697:v15 REJECT reason=floatBelowMin float=0.34; 7564.697:v15 REJECT reason=floatBelowMin float=0.29; 7564.698:v15 REJECT reason=floatBelowMin float=0.28; 7564.698:v15 REJECT reason=floatBelowMin float=0.26; 7564.698:v15 CANDIDATE t0=7562.44 yank=2.40g quietAt=7563.95 B(abs)=n/a B(rel)=-9.43; 7564.699:v15 IMPACT pending=1.94g air=1.75"
-1785058398.572,"7566.697:v15 IMPACT discarded=2.17g — early mid-flight jolt (quiet resumed); 7567.697:v15 BARO rel datumStep delta=-8.28 — window reset"
-1785058397.319,"7568.698:v15 IMPACT pending=1.92g air=5.21"
-1785058396.067,"7570.696:v15 LANDING impact+splash(rel) impact=3.45g air=6.68"
-1785058394.815,"7570.699:v15 REJECT reason=ballisticAboveHardCap hBal=7.33 air=6.68; 7570.699:v15 ARC invalid fit b=0.04 c=-0.01 tApex=3.15 h=0.06; 7570.699:v15 REJECT reason=ballisticAboveHardCap hBal=6.37 air=6.14; 7570.700:v15 ARC invalid fit b=0.05 c=-0.01 tApex=2.41 h=0.06; 7570.700:v15 RESCUE folded jump t0=7564.20 land=7569.16 air=4.96; 7569.159:JUMP(v15) FINAL h=1.93m src=ballistic air=4.96s dist=7.36m hFit=-1.0 hRel=-1.0 hBal=1.93 arcPts=3 yank=2.17g impact=2.41g float=0.43 rot=1.17 hard=true conf=50.0 latency=1.0s; 7570.705:v15 JUMP h=1.93m src=ballistic air=4.96s conf=0.50; 7570.706:v15 REJECT(open) reason=retriggerGuard"
-1785058393.563,"7572.696:v15 BARO rel datumStep delta=10.31 — window reset"
-1785058388.555,"7576.700:v15 CANDIDATE t0=7575.09 yank=1.32g quietAt=7576.29 B(abs)=n/a B(rel)=n/a"
-1785058359.757,"7605.699:v15 REJECT reason=maxFlightExceeded air=30.00; 7605.700:v15 CANDIDATE t0=7602.92 yank=1.54g quietAt=7605.09 B(abs)=n/a B(rel)=-0.85"
-1785058356.001,"7608.698:v15 LANDING noRiseAbort-softClose impact=0.00g air=5.00; 7609.700:v15 REJECT reason=gateNoJumpEvidence dCrs=2.27 drop=1.00 yank=1.54; 7609.700:v15 CANDIDATE t0=7605.56 yank=1.39g quietAt=7608.93 B(abs)=n/a B(rel)=-0.85"
-1785058354.749,"7611.696:v15 LANDING noRiseAbort-softClose impact=0.00g air=5.00"
-1785058352.245,"7612.697:v15 REJECT reason=gateNoJumpEvidence dCrs=1.11 drop=0.98 yank=1.39; 7612.697:v15 CANDIDATE t0=7610.56 yank=1.66g quietAt=7611.57 B(abs)=n/a B(rel)=n/a"
-1785058343.480,"7621.702:v15 IMPACT pending=1.90g air=10.91"
-1785058342.228,"7623.698:v15 LANDING impact impact=2.36g air=10.93; 7623.699:v15 REJECT reason=gateNoJumpEvidence dCrs=9.17 drop=1.02 yank=1.66; 7623.699:v15 REJECT reason=gateNoJumpEvidence dCrs=7.59 drop=1.02 yank=1.48; 7623.699:v15 REJECT reason=floatBelowMin float=0.35; 7623.699:v15 REJECT reason=gateNoJumpEvidence dCrs=1.97 drop=1.00 yank=1.41; 7623.699:v15 REJECT reason=floatBelowMin float=0.32; 7623.699:v15 REJECT reason=floatBelowMin float=0.22; 7623.700:v15 CANDIDATE t0=7621.50 yank=2.36g quietAt=7623.00 B(abs)=n/a B(rel)=-1.15"
-1785058340.976,"7624.697:v15 IMPACT pending=1.93g air=2.15"
-1785058339.724,"7625.699:v15 LANDING impact impact=2.12g air=2.24; 7623.735:JUMP(v15) FINAL h=1.62m src=ballistic air=2.24s dist=13.57m hFit=-1.0 hRel=-1.0 hBal=1.62 arcPts=0 yank=2.36g impact=2.12g float=0.6 rot=0.67 hard=true conf=50.0 latency=1.5s; 7625.705:v15 JUMP h=1.62m src=ballistic air=2.24s conf=0.50; 7625.705:v15 REJECT(open) reason=retriggerGuard"
-1785058334.716,"7631.693:v15 BARO rel datumStep delta=-5.58 — window reset"
-1785058332.212,"7633.702:v15 CANDIDATE t0=7630.46 yank=1.37g quietAt=7633.26 B(abs)=n/a B(rel)=n/a"
-1785058330.960,"7634.702:v15 IMPACT pending=1.95g air=3.50"
-1785058328.456,"7636.697:v15 LANDING impact impact=2.00g air=3.79; 7636.698:v15 REJECT reason=gateNoJumpEvidence dCrs=21.58 drop=1.14 yank=1.37; 7636.699:v15 RESCUE folded jump t0=7628.60 land=7634.26 air=5.65; 7634.257:JUMP(v15) FINAL h=1.92m src=ballistic air=5.65s dist=42.56m hFit=-1.0 hRel=-1.0 hBal=1.92 arcPts=6 yank=1.38g impact=1.93g float=0.39 rot=0.54 hard=true conf=50.0 latency=1.5s; 7636.705:v15 JUMP h=1.92m src=ballistic air=5.65s conf=0.50; 7636.705:v15 REJECT(open) reason=retriggerGuard"
-1785058323.447,"7641.698:v15 CANDIDATE t0=7639.54 yank=1.91g quietAt=7640.76 B(abs)=n/a B(rel)=-14.24; 7642.697:v15 IMPACT pending=2.09g air=2.27"
-1785058322.195,"7643.699:v15 LANDING impact impact=2.53g air=2.31; 7643.699:v15 REJECT reason=gateNoJumpEvidence dCrs=3.57 drop=1.00 yank=1.91; 7643.699:v15 REJECT reason=gateNoJumpEvidence dCrs=2.48 drop=0.98 yank=1.40; 7643.699:v15 REJECT reason=gateNoJumpEvidence dCrs=3.80 drop=0.98 yank=1.46; 7643.700:v15 REJECT reason=gateNoJumpEvidence dCrs=4.59 drop=0.99 yank=1.59; 7643.700:v15 REJECT reason=gateNoJumpEvidence dCrs=4.59 drop=0.99 yank=1.58; 7643.701:v15 REJECT reason=gateNoJumpEvidence dCrs=3.81 drop=0.99 yank=1.27; 7643.701:v15 CANDIDATE t0=7641.85 yank=2.53g quietAt=7643.36 B(abs)=n/a B(rel)=n/a"
-1785058318.439,"7646.694:v15 IMPACT pending=1.94g air=4.16"
-1785058317.187,"7648.696:v15 LANDING impact impact=2.09g air=4.18; 7648.697:v15 REJECT reason=gateNoJumpEvidence dCrs=2.30 drop=0.91 yank=2.53; 7648.697:v15 REJECT reason=gateNoJumpEvidence dCrs=2.92 drop=0.90 yank=1.91; 7648.697:v15 REJECT reason=gateNoJumpEvidence dCrs=2.19 drop=0.90 yank=1.31; 7648.697:v15 REJECT reason=gateNoJumpEvidence dCrs=2.19 drop=0.90 yank=1.62; 7648.698:v15 REJECT reason=gateNoJumpEvidence dCrs=0.84 drop=0.90 yank=1.43; 7648.701:v15 REJECT reason=gateNoJumpEvidence dCrs=0.65 drop=0.90 yank=1.36; 7648.701:v15 CANDIDATE t0=7646.04 yank=2.09g quietAt=7647.54 B(abs)=n/a B(rel)=n/a"
-1785058313.396,"7651.700:v15 IMPACT pending=2.32g air=5.03"
-1785058310.891,"7654.697:v15 LANDING impact impact=2.97g air=6.17; 7654.699:v15 REJECT reason=gateNoJumpEvidence dCrs=7.28 drop=0.95 yank=2.09; 7654.699:v15 REJECT reason=gateNoJumpEvidence dCrs=7.28 drop=0.95 yank=1.55; 7654.699:v15 REJECT reason=gateNoJumpEvidence dCrs=4.96 drop=0.98 yank=1.45; 7654.700:v15 REJECT reason=gateNoJumpEvidence dCrs=5.43 drop=1.00 yank=1.76; 7654.700:v15 REJECT reason=gateNoJumpEvidence dCrs=5.43 drop=1.00 yank=1.39; 7654.700:v15 REJECT reason=gateNoJumpEvidence dCrs=2.86 drop=0.99 yank=1.50; 7654.701:v15 CANDIDATE t0=7652.20 yank=2.97g quietAt=7653.71 B(abs)=n/a B(rel)=-13.79"
-1785058298.371,"7666.702:v15 IMPACT pending=1.93g air=14.27; 7667.696:v15 LANDING impact+splash(rel) impact=1.93g air=14.27"
-1785058297.119,"7667.700:v15 REJECT reason=gateNoJumpEvidence dCrs=2.66 drop=1.01 yank=2.97; 7667.701:v15 REJECT reason=gateNoJumpEvidence dCrs=11.32 drop=0.99 yank=1.72; 7667.701:v15 REJECT reason=gateNoJumpEvidence dCrs=10.98 drop=0.95 yank=1.47; 7667.701:v15 REJECT reason=gateNoJumpEvidence dCrs=8.71 drop=0.91 yank=1.29; 7667.702:v15 REJECT reason=gateNoJumpEvidence dCrs=5.70 drop=0.89 yank=1.43; 7667.702:v15 REJECT reason=gateNoJumpEvidence dCrs=7.15 drop=0.89 yank=1.32; 7667.702:v15 CANDIDATE t0=7666.48 yank=1.93g quietAt=7667.48 B(abs)=n/a B(rel)=-16.14"
-1785058277.085,"7687.699:v15 IMPACT pending=1.92g air=20.51"
-1785058275.833,"7689.697:v15 LANDING impact impact=2.37g air=20.58; 7689.698:v15 REJECT reason=gateNoJumpEvidence dCrs=23.47 drop=0.87 yank=1.93; 7689.698:v15 REJECT reason=gateNoJumpEvidence dCrs=20.54 drop=0.90 yank=1.28; 7689.698:v15 REJECT reason=floatBelowMin float=0.34; 7689.698:v15 REJECT reason=floatBelowMin float=0.32; 7689.698:v15 REJECT reason=floatBelowMin float=0.34; 7689.699:v15 REJECT reason=floatBelowMin float=0.35; 7689.699:v15 CANDIDATE t0=7687.05 yank=2.37g quietAt=7688.56 B(abs)=n/a B(rel)=-10.86; 7689.699:v15 IMPACT pending=1.92g air=1.66; 7690.696:v15 BARO rel datumStep delta=-37.56 — window reset; 7690.696:v15 LANDING impact+splash(rel) impact=10.05g air=2.05"
-1785058274.581,"7689.103:JUMP(v15) FINAL h=2.22m src=ballistic air=2.05s dist=9.07m hFit=-1.0 hRel=-1.0 hBal=2.22 arcPts=0 yank=2.37g impact=10.05g float=0.45 rot=1.62 hard=true conf=50.0 latency=1.0s; 7690.704:v15 JUMP h=2.22m src=ballistic air=2.05s conf=0.50"
-1785058272.077,"7693.697:v15 REJECT(open) reason=retriggerGuard"
-1785058269.573,"7696.690:v15 BARO rel datumStep delta=32.06 — window reset"
-1785058267.069,"7698.690:v15 BARO rel datumStep delta=54.80 — window reset"
-1785058265.817,"7699.704:v15 CANDIDATE t0=7697.55 yank=5.98g quietAt=7698.61 B(abs)=n/a B(rel)=n/a"
-1785058262.061,"7703.696:v15 BARO rel datumStep delta=6.07 — window reset"
-1785058247.031,"7718.701:v15 IMPACT pending=2.11g air=20.80"
-1785058244.527,"7720.698:v15 LANDING impact impact=2.79g air=20.86; 7720.698:v15 REJECT reason=gateEntrySpeed vin=2.45; 7720.699:v15 REJECT reason=gateNoJumpEvidence dCrs=8.52 drop=0.99 yank=1.31; 7720.699:v15 REJECT reason=gateNoJumpEvidence dCrs=0.60 drop=0.97 yank=1.33; 7720.700:v15 REJECT reason=gateNoJumpEvidence dCrs=2.40 drop=0.97 yank=1.32; 7720.700:v15 REJECT reason=gateNoJumpEvidence dCrs=0.11 drop=0.97 yank=1.53; 7720.700:v15 CANDIDATE t0=7718.41 yank=2.79g quietAt=7719.92 B(abs)=n/a B(rel)=7.67; 7720.702:v15 IMPACT pending=2.14g air=1.99"
-1785058243.275,"7722.700:v15 LANDING impact impact=5.55g air=2.42; 7720.835:JUMP(v15) FINAL h=2.09m src=ballistic air=2.42s dist=7.34m hFit=-1.0 hRel=-1.0 hBal=2.09 arcPts=0 yank=2.79g impact=5.55g float=0.6 rot=1.41 hard=true conf=50.0 latency=1.5s; 7722.706:v15 JUMP h=2.09m src=ballistic air=2.42s conf=0.50; 7722.706:v15 REJECT(open) reason=retriggerGuard"
-1785058242.023,"7724.696:v15 BARO rel datumStep delta=-109.69 — window reset"
-1785058238.267,"7727.700:v15 CANDIDATE t0=7726.40 yank=1.82g quietAt=7727.35 B(abs)=n/a B(rel)=n/a; 7727.701:v15 IMPACT pending=2.61g air=1.10"
-1785058237.015,"7729.696:v15 BARO rel datumStep delta=92.67 — window reset"
-1785058235.763,"7729.699:v15 IMPACT discarded=3.02g — early mid-flight jolt (quiet resumed)"
-1785058234.511,"7731.700:v15 BARO rel datumStep delta=-5.07 — window reset"
-1785058232.007,"7733.692:v15 IMPACT pending=2.06g air=6.47"
-1785058230.755,"7734.700:v15 LANDING impact impact=3.02g air=6.51; 7734.701:v15 REJECT reason=gateEntrySpeed vin=2.90; 7734.701:v15 REJECT reason=gateEntrySpeed vin=2.60; 7734.701:v15 REJECT reason=gateEntrySpeed vin=2.20; 7734.701:v15 REJECT(open) reason=gpsSpeedBelowRiding spd=0.47"
-1785058228.251,"7737.690:v15 BARO rel datumStep delta=7.67 — window reset; 7737.694:v15 REJECT(open) reason=gpsSpeedBelowRiding spd=0.55"
-1785058226.999,"7738.700:v15 REJECT(open) reason=gpsSpeedBelowRiding spd=1.16; 7739.696:v15 BARO rel datumStep delta=9.78 — window reset"
-1785058225.747,"7739.700:v15 CANDIDATE t0=7737.89 yank=1.37g quietAt=7739.43 B(abs)=n/a B(rel)=n/a"
-1785058208.173,"7756.702:v15 IMPACT pending=2.07g air=18.46; 7757.690:v15 BARO rel datumStep delta=-25.83 — window reset"
-1785058206.921,"7758.698:v15 LANDING impact impact=2.07g air=18.46; 7758.698:v15 REJECT reason=gateEntrySpeed vin=1.46; 7758.698:v15 REJECT(open) reason=gpsSpeedBelowRiding spd=0.26"
-1785058203.165,"7761.701:v15 REJECT(open) reason=gpsSpeedBelowRiding spd=0.39; 7762.696:v15 BARO rel datumStep delta=-45.07 — window reset; 7762.698:v15 REJECT(open) reason=gpsSpeedBelowRiding spd=0.53"
-1785058201.913,"7763.699:v15 REJECT(open) reason=gpsSpeedBelowRiding spd=0.75"
-1785058200.661,"7764.697:v15 REJECT(open) reason=gpsSpeedBelowRiding spd=0.59; 7765.690:v15 BARO rel datumStep delta=102.22 — window reset"
-1785058198.157,"7767.689:v15 BARO rel datumStep delta=76.36 — window reset; 7767.689:v15 REJECT(open) reason=gpsSpeedBelowRiding spd=0.61"
-1785058195.653,"7770.695:v15 BARO rel datumStep delta=5.84 — window reset"
-1785058194.401,"7770.697:v15 REJECT(open) reason=gpsSpeedBelowRiding spd=1.01"
-1785058191.897,"7773.698:v15 REJECT(open) reason=gpsSpeedBelowRiding spd=0.84"
-1785058190.645,"7774.689:v15 REJECT(open) reason=gpsSpeedBelowRiding spd=0.78"
-1785058189.393,"7775.698:v15 REJECT(open) reason=gpsSpeedBelowRiding spd=0.76"
-1785058186.889,"7778.698:v15 REJECT(open) reason=gpsSpeedBelowRiding spd=0.78"
-1785058183.133,"7781.698:v15 CANDIDATE t0=7779.14 yank=1.54g quietAt=7780.90 B(abs)=n/a B(rel)=-5.55"
-1785058180.629,"7784.699:v15 LANDING noRiseAbort-softClose impact=0.00g air=5.00"
-1785058179.377,"7785.699:v15 REJECT reason=gateEntrySpeed vin=1.19; 7785.700:v15 CANDIDATE t0=7783.57 yank=1.57g quietAt=7785.15 B(abs)=n/a B(rel)=-8.28"
-1785058176.873,"7789.696:v15 LANDING noRiseAbort-softClose impact=0.00g air=5.00"
-1785058175.621,"7790.696:v15 REJECT reason=gateEntrySpeed vin=3.65; 7790.697:v15 CANDIDATE t0=7785.99 yank=1.33g quietAt=7789.57 B(abs)=n/a B(rel)=-8.61"
-1785058173.117,"7791.691:v15 LANDING noRiseAbort-softClose impact=0.00g air=5.00; 7792.698:v15 REJECT reason=gateEntrySpeed vin=4.92; 7792.698:v15 CANDIDATE t0=7791.08 yank=1.35g quietAt=7792.00 B(abs)=n/a B(rel)=n/a"
-1785058153.069,"7812.697:v15 IMPACT pending=2.16g air=20.47"
-1785058151.817,"7813.699:v15 LANDING impact impact=3.11g air=20.50; 7813.699:v15 REJECT reason=gateNoJumpEvidence dCrs=14.61 drop=0.75 yank=1.35; 7813.699:v15 REJECT reason=gateEntrySpeed vin=4.89; 7813.700:v15 REJECT reason=gateEntrySpeed vin=4.69; 7813.700:v15 REJECT reason=gateEntrySpeed vin=4.61; 7813.700:v15 REJECT reason=gateEntrySpeed vin=4.74; 7813.700:v15 REJECT reason=floatBelowMin float=0.34; 7813.700:v15 CANDIDATE t0=7811.59 yank=3.11g quietAt=7813.09 B(abs)=2.07 B(rel)=-8.56"
-1785058150.565,"7814.700:v15 IMPACT pending=1.99g air=2.63"
-1785058148.061,"7816.696:v15 LANDING impact impact=2.11g air=2.79; 7814.376:JUMP(v15) FINAL h=1.84m src=ballistic air=2.79s dist=10.56m hFit=-1.0 hRel=-1.0 hBal=1.84 arcPts=0 yank=3.11g impact=2.11g float=0.55 rot=1.02 hard=true conf=50.0 latency=1.5s; 7816.702:v15 JUMP h=1.84m src=ballistic air=2.79s conf=0.50; 7816.702:v15 REJECT(open) reason=retriggerGuard"
-1785058144.305,"7821.695:v15 BARO rel datumStep delta=5.75 — window reset"
-1785058141.801,"7823.700:v15 REJECT(open) reason=gpsSpeedBelowRiding spd=0.70"
-1785058139.297,"7825.701:v15 CANDIDATE t0=7823.55 yank=1.47g quietAt=7824.90 B(abs)=2.31 B(rel)=n/a"
-1785058110.465,"7854.698:v15 REJECT reason=maxFlightExceeded air=30.00; 7854.698:v15 CANDIDATE t0=7851.29 yank=1.61g quietAt=7853.55 B(abs)=n/a B(rel)=-4.24"
-1785058109.213,"7856.700:v15 LANDING noRiseAbort-softClose impact=0.00g air=5.00"
-1785058107.961,"7857.695:v15 REJECT reason=gateNoJumpEvidence dCrs=0.31 drop=0.93 yank=1.61; 7857.695:v15 CANDIDATE t0=7855.86 yank=1.73g quietAt=7857.29 B(abs)=n/a B(rel)=-5.21"
-1785058104.205,"7861.698:v15 LANDING noRiseAbort-softClose impact=0.00g air=5.00"
-1785058102.953,"7862.699:v15 REJECT reason=gateNoJumpEvidence dCrs=1.57 drop=0.93 yank=1.73; 7862.699:v15 CANDIDATE t0=7860.05 yank=1.62g quietAt=7861.87 B(abs)=n/a B(rel)=-5.12"
-1785058099.197,"7865.697:v15 LANDING noRiseAbort-softClose impact=0.00g air=5.00; 7866.699:v15 REJECT reason=gateNoJumpEvidence dCrs=1.87 drop=0.97 yank=1.62; 7866.699:v15 CANDIDATE t0=7862.79 yank=1.44g quietAt=7866.05 B(abs)=n/a B(rel)=n/a"
-1785058071.652,"7893.698:v15 REJECT reason=maxFlightExceeded air=30.00; 7893.698:v15 CANDIDATE t0=7889.21 yank=1.51g quietAt=7892.80 B(abs)=n/a B(rel)=-5.64"
-1785058054.108,"7911.692:v15 LANDING gpsSpeedRecovery impact=0.00g air=21.27; 7911.692:v15 REJECT reason=ballisticAboveHardCap hBal=79.21 air=21.27; 7911.693:v15 CANDIDATE t0=7910.16 yank=1.79g quietAt=7911.49 B(abs)=n/a B(rel)=-9.14"
-1785058049.100,"7915.700:v15 LANDING noRiseAbort-softClose impact=0.00g air=5.00; 7916.701:v15 REJECT reason=gateEntrySpeed vin=4.92; 7916.702:v15 CANDIDATE t0=7914.39 yank=1.59g quietAt=7916.16 B(abs)=n/a B(rel)=-9.63"
-1785058045.344,"7919.703:v15 LANDING noRiseAbort-softClose impact=0.00g air=5.00"
-1785058044.092,"7920.700:v15 REJECT reason=gateNoJumpEvidence dCrs=2.35 drop=0.85 yank=1.59; 7920.700:v15 CANDIDATE t0=7917.02 yank=1.52g quietAt=7920.40 B(abs)=n/a B(rel)=n/a"
-1785058029.067,"7936.699:v15 IMPACT pending=1.91g air=18.93"
-1785058027.815,"7937.701:v15 LANDING impact impact=1.91g air=18.93; 7937.702:v15 REJECT reason=gateNoJumpEvidence dCrs=8.50 drop=0.85 yank=1.52; 7937.702:v15 REJECT reason=gateNoJumpEvidence dCrs=4.18 drop=1.05 yank=1.33; 7937.702:v15 REJECT reason=gateNoJumpEvidence dCrs=3.45 drop=1.00 yank=1.29; 7937.702:v15 REJECT reason=gateNoJumpEvidence dCrs=1.31 drop=0.99 yank=1.31; 7937.703:v15 REJECT reason=gateNoJumpEvidence dCrs=1.31 drop=0.99 yank=1.39; 7937.703:v15 REJECT reason=gateNoJumpEvidence dCrs=0.21 drop=0.98 yank=1.52; 7937.703:v15 CANDIDATE t0=7935.95 yank=1.91g quietAt=7937.46 B(abs)=n/a B(rel)=-9.57"
-1785058024.059,"7941.698:v15 LANDING noRiseAbort-softClose impact=0.00g air=5.00"
-1785058022.807,"7942.698:v15 REJECT reason=gateNoJumpEvidence dCrs=0.40 drop=0.98 yank=1.91; 7942.699:v15 REJECT reason=gateNoJumpEvidence dCrs=0.30 drop=0.98 yank=1.44; 7942.699:v15 CANDIDATE t0=7940.21 yank=1.48g quietAt=7941.95 B(abs)=n/a B(rel)=-10.17"
-1785058019.050,"7945.700:v15 LANDING noRiseAbort-softClose impact=0.00g air=5.00; 7946.700:v15 REJECT reason=gateNoJumpEvidence dCrs=1.91 drop=1.03 yank=1.48; 7946.700:v15 CANDIDATE t0=7942.82 yank=1.29g quietAt=7946.22 B(abs)=n/a B(rel)=n/a"
-1785057992.712,"7972.705:v15 IMPACT pending=2.07g air=29.14"
-1785057991.460,"7973.698:v15 LANDING impact+maxFlightExceeded impact=3.10g air=29.17; 7973.699:v15 REJECT reason=gateNoJumpEvidence dCrs=11.16 drop=0.89 yank=1.29; 7973.699:v15 REJECT reason=floatBelowMin float=0.33; 7973.700:v15 REJECT reason=gateNoJumpEvidence dCrs=2.86 drop=0.95 yank=1.22; 7973.700:v15 REJECT reason=floatBelowMin float=0.30; 7973.700:v15 REJECT reason=floatBelowMin float=0.29; 7973.700:v15 CANDIDATE t0=7971.99 yank=3.10g quietAt=7973.00 B(abs)=n/a B(rel)=-11.70; 7974.697:v15 IMPACT pending=2.15g air=1.64"
-1785057990.208,"7975.697:v15 IMPACT discarded=3.12g — early mid-flight jolt (quiet resumed); 7975.697:v15 IMPACT pending=2.04g air=3.20"
-1785057987.704,"7977.689:v15 LANDING impact impact=2.04g air=3.21; 7975.194:JUMP(v15) FINAL h=1.89m src=ballistic air=3.21s dist=12.05m hFit=-1.0 hRel=-1.0 hBal=1.89 arcPts=0 yank=3.1g impact=2.04g float=0.57 rot=1.1 hard=true conf=50.0 latency=1.5s; 7977.694:v15 JUMP h=1.89m src=ballistic air=3.21s conf=0.50; 7977.694:v15 REJECT(open) reason=retriggerGuard"
-1785057981.443,"7983.697:v15 CANDIDATE t0=7981.44 yank=1.35g quietAt=7982.76 B(abs)=n/a B(rel)=n/a"
-1785057961.410,"8003.699:v15 IMPACT pending=2.16g air=21.51"
-1785057960.158,"8004.700:v15 LANDING impact impact=2.16g air=21.52; 8004.701:v15 REJECT reason=gateEntrySpeed vin=4.58; 8004.701:v15 REJECT reason=gateNoJumpEvidence dCrs=20.28 drop=0.95 yank=1.25; 8004.701:v15 REJECT reason=gateNoJumpEvidence dCrs=20.76 drop=0.95 yank=1.33; 8004.702:v15 REJECT reason=gateNoJumpEvidence dCrs=20.76 drop=0.95 yank=1.23; 8004.702:v15 REJECT reason=gateNoJumpEvidence dCrs=13.80 drop=0.95 yank=1.23; 8004.702:v15 CANDIDATE t0=8002.96 yank=2.16g quietAt=8004.46 B(abs)=n/a B(rel)=-8.08; 8005.691:v15 IMPACT pending=2.08g air=1.77"
-1785057958.906,"8006.694:v15 LANDING impact+splash(rel) impact=2.92g air=1.79; 8004.748:JUMP(v15) FINAL h=1.86m src=ballistic air=1.79s dist=8.4m hFit=-1.0 hRel=-1.0 hBal=1.86 arcPts=0 yank=2.16g impact=2.92g float=0.52 rot=1.05 hard=true conf=50.0 latency=1.0s; 8006.700:v15 JUMP h=1.86m src=ballistic air=1.79s conf=0.50; 8006.701:v15 REJECT(open) reason=retriggerGuard"
-1785057952.631,"8012.697:v15 CANDIDATE t0=8010.73 yank=1.49g quietAt=8011.81 B(abs)=n/a B(rel)=n/a; 8012.697:v15 IMPACT pending=1.98g air=1.08"
-1785057950.126,"8014.700:v15 LANDING impact impact=2.21g air=1.91; 8014.700:v15 REJECT reason=gateEntrySpeed vin=4.47; 8014.700:v15 REJECT reason=ballisticAboveHardCap hBal=9.46 air=6.53; 8014.700:v15 REJECT reason=gateEntrySpeed vin=4.64; 8014.700:v15 REJECT reason=gateEntrySpeed vin=4.21; 8014.701:v15 REJECT reason=gateEntrySpeed vin=3.93; 8014.701:v15 CANDIDATE t0=8012.65 yank=2.21g quietAt=8014.15 B(abs)=n/a B(rel)=-12.16; 8015.698:v15 IMPACT pending=1.90g air=2.27"
-1785057948.874,"8016.703:v15 LANDING impact impact=2.58g air=2.34; 8016.703:v15 REJECT reason=gateNoJumpEvidence dCrs=11.96 drop=1.11 yank=2.21; 8016.703:v15 REJECT reason=gateEntrySpeed vin=3.93; 8016.703:v15 REJECT reason=gateEntrySpeed vin=4.47; 8016.703:v15 REJECT reason=gateNoJumpEvidence dCrs=22.26 drop=1.21 yank=2.19; 8016.703:v15 CANDIDATE t0=8014.99 yank=2.58g quietAt=8016.49 B(abs)=n/a B(rel)=n/a"
-1785057945.118,"8020.699:v15 IMPACT pending=1.94g air=5.05"
-1785057943.866,"8022.696:v15 LANDING impact impact=2.25g air=5.08; 8022.697:v15 REJECT reason=gateNoJumpEvidence dCrs=16.31 drop=0.92 yank=2.58; 8022.697:v15 REJECT reason=gateNoJumpEvidence dCrs=18.08 drop=0.90 yank=2.17; 8022.697:v15 REJECT reason=gateNoJumpEvidence dCrs=15.39 drop=0.88 yank=1.35; 8022.697:v15 REJECT reason=gateNoJumpEvidence dCrs=14.36 drop=0.87 yank=1.40; 8022.698:v15 CANDIDATE t0=8020.06 yank=2.25g quietAt=8021.57 B(abs)=n/a B(rel)=n/a"
-1785057925.085,"8039.702:v15 LANDING gpsSpeedRecovery impact=0.00g air=18.42; 8039.702:v15 REJECT reason=ballisticAboveHardCap hBal=56.43 air=18.42; 8039.703:v15 CANDIDATE t0=8038.15 yank=1.81g quietAt=8039.50 B(abs)=n/a B(rel)=-18.59"
-1785057897.494,"8068.698:v15 IMPACT pending=1.97g air=29.63"
-1785057896.242,"8068.700:v15 LANDING impact+maxFlightExceeded impact=3.12g air=29.67; 8069.697:v15 REJECT reason=gateEntrySpeed vin=4.79; 8069.697:v15 REJECT reason=gateNoJumpEvidence dCrs=4.25 drop=1.00 yank=1.23; 8069.698:v15 REJECT reason=gateNoJumpEvidence dCrs=2.34 drop=0.99 yank=1.25; 8069.699:v15 REJECT reason=gateNoJumpEvidence dCrs=1.52 drop=0.97 yank=1.23; 8069.699:v15 REJECT reason=gateNoJumpEvidence dCrs=4.86 drop=0.94 yank=1.30; 8069.700:v15 REJECT reason=gateNoJumpEvidence dCrs=6.10 drop=0.94 yank=1.30; 8069.700:v15 CANDIDATE t0=8067.82 yank=3.12g quietAt=8068.85 B(abs)=n/a B(rel)=-15.21"
-1785057894.990,"8070.687:v15 IMPACT pending=2.27g air=1.72"
-1785057893.738,"8072.705:v15 LANDING impact impact=2.90g air=2.21; 8070.037:JUMP(v15) FINAL h=2.17m src=ballistic air=2.21s dist=11.48m hFit=-1.0 hRel=-1.0 hBal=2.17 arcPts=0 yank=3.12g impact=2.9g float=0.51 rot=1.55 hard=true conf=50.0 latency=1.5s"
-1785057892.485,"8072.710:v15 JUMP h=2.17m src=ballistic air=2.21s conf=0.50; 8072.710:v15 REJECT(open) reason=retriggerGuard"
-1785057889.981,"8075.696:v15 BARO rel datumStep delta=5.30 — window reset"
-1785057886.225,"8078.696:v15 BARO rel datumStep delta=5.75 — window reset; 8078.697:v15 CANDIDATE t0=8075.18 yank=1.36g quietAt=8077.55 B(abs)=n/a B(rel)=n/a"
-1785057877.460,"8088.696:v15 IMPACT pending=1.96g air=12.35"
-1785057876.208,"8089.698:v15 LANDING impact impact=1.96g air=12.35; 8089.699:v15 REJECT reason=gateEntrySpeed vin=2.52; 8089.699:v15 REJECT reason=floatBelowMin float=0.34; 8089.699:v15 REJECT reason=gateNoJumpEvidence dCrs=7.20 drop=1.08 yank=1.21; 8089.699:v15 REJECT reason=gateNoJumpEvidence dCrs=3.34 drop=1.09 yank=1.37; 8089.700:v15 REJECT reason=floatBelowMin float=0.34; 8089.700:v15 REJECT reason=gateNoJumpEvidence dCrs=0.81 drop=1.03 yank=1.30; 8089.700:v15 CANDIDATE t0=8087.53 yank=1.96g quietAt=8089.04 B(abs)=n/a B(rel)=-2.46"
-1785057872.452,"8093.696:v15 LANDING noRiseAbort-softClose impact=0.00g air=5.00"
-1785057871.200,"8094.698:v15 REJECT reason=gateNoJumpEvidence dCrs=2.61 drop=0.94 yank=1.96; 8094.698:v15 REJECT reason=gateNoJumpEvidence dCrs=5.02 drop=1.04 yank=1.36; 8094.699:v15 CANDIDATE t0=8092.49 yank=1.24g quietAt=8093.54 B(abs)=n/a B(rel)=n/a"
-1785057864.940,"8100.699:v15 IMPACT pending=1.92g air=7.58"
-1785057862.436,"8102.700:v15 LANDING impact impact=4.37g air=8.39; 8102.700:v15 REJECT reason=gateNoJumpEvidence dCrs=3.75 drop=0.97 yank=1.24; 8102.701:v15 REJECT reason=gateNoJumpEvidence dCrs=2.51 drop=1.03 yank=1.37; 8102.701:v15 REJECT reason=gateNoJumpEvidence dCrs=2.36 drop=1.04 yank=1.23; 8102.702:v15 REJECT reason=gateNoJumpEvidence dCrs=4.73 drop=1.06 yank=1.43; 8102.702:v15 REJECT reason=gateNoJumpEvidence dCrs=4.73 drop=1.06 yank=1.83; 8102.703:v15 REJECT reason=gateNoJumpEvidence dCrs=6.52 drop=1.05 yank=1.32; 8102.704:v15 CANDIDATE(reanchor) t0=8100.88 yank=4.37g; 8102.704:v15 CANDIDATE t0=8100.88 yank=4.37g quietAt=8102.39 B(abs)=n/a B(rel)=-4.50; 8103.697:v15 IMPACT pending=2.03g air=1.93"
-1785057859.931,"8105.700:v15 LANDING impact impact=2.34g air=2.91; 8103.798:JUMP(v15) FINAL h=1.77m src=ballistic air=2.91s dist=21.25m hFit=-1.0 hRel=-1.0 hBal=1.77 arcPts=0 yank=4.37g impact=2.34g float=0.44 rot=0.9 hard=true conf=50.0 latency=1.5s; 8105.705:v15 JUMP h=1.77m src=ballistic air=2.91s conf=0.50; 8105.705:v15 REJECT(open) reason=retriggerGuard"
-1785057852.399,"8112.699:v15 CANDIDATE t0=8110.37 yank=1.33g quietAt=8112.32 B(abs)=n/a B(rel)=n/a"
-1785057833.618,"8131.702:v15 LANDING gpsSpeedRecovery impact=0.00g air=20.12; 8131.703:v15 REJECT reason=softEcho dt=6.57; 8131.703:v15 CANDIDATE t0=8128.86 yank=1.27g quietAt=8131.49 B(abs)=n/a B(rel)=-7.74"
-1785057831.114,"8134.698:v15 LANDING noRiseAbort-softClose impact=0.00g air=5.00"
-1785057829.862,"8135.697:v15 REJECT reason=gateEntrySpeed vin=3.71; 8135.699:v15 CANDIDATE t0=8131.14 yank=1.28g quietAt=8134.86 B(abs)=n/a B(rel)=-8.24"
-1785057826.105,"8139.696:v15 LANDING noRiseAbort-softClose impact=0.00g air=7.38"
-1785057824.853,"8140.699:v15 REJECT reason=floatBelowMin float=0.35; 8140.699:v15 CANDIDATE t0=8138.34 yank=1.51g quietAt=8139.52 B(abs)=n/a B(rel)=n/a"
-1785057819.845,"8145.701:v15 IMPACT pending=2.05g air=6.91"
-1785057818.593,"8147.697:v15 LANDING impact impact=2.18g air=6.92"
-1785057817.341,"8147.698:v15 REJECT reason=gateNoJumpEvidence dCrs=2.89 drop=0.83 yank=1.51; 8147.698:v15 REJECT reason=gateNoJumpEvidence dCrs=2.89 drop=0.83 yank=1.26; 8147.699:v15 REJECT reason=gateNoJumpEvidence dCrs=3.60 drop=0.87 yank=1.21; 8147.700:v15 REJECT reason=gateNoJumpEvidence dCrs=0.87 drop=0.88 yank=1.34; 8147.700:v15 REJECT reason=gateNoJumpEvidence dCrs=1.89 drop=0.90 yank=1.23; 8147.700:v15 REJECT reason=gateNoJumpEvidence dCrs=1.89 drop=0.90 yank=1.32; 8147.700:v15 CANDIDATE t0=8145.26 yank=2.18g quietAt=8146.77 B(abs)=n/a B(rel)=-8.91"
-1785057814.837,"8150.699:v15 LANDING noRiseAbort-softClose impact=0.00g air=5.00"
-1785057813.585,"8151.700:v15 REJECT reason=gateNoJumpEvidence dCrs=2.26 drop=0.95 yank=2.18; 8151.700:v15 REJECT reason=gateNoJumpEvidence dCrs=0.32 drop=0.92 yank=1.75; 8151.700:v15 CANDIDATE t0=8147.86 yank=1.37g quietAt=8151.27 B(abs)=n/a B(rel)=-8.91"
-1785057812.333,"8153.698:v15 LANDING noRiseAbort-softClose impact=0.00g air=5.00"
-1785057811.080,"8154.698:v15 REJECT reason=gateNoJumpEvidence dCrs=3.81 drop=0.99 yank=1.37; 8154.698:v15 CANDIDATE t0=8152.74 yank=1.29g quietAt=8153.87 B(abs)=n/a B(rel)=n/a"
-1785057797.308,"8167.702:v15 IMPACT pending=1.97g air=14.63"
-1785057796.056,"8169.698:v15 LANDING impact impact=2.42g air=14.69; 8169.698:v15 REJECT reason=gateNoJumpEvidence dCrs=2.31 drop=1.08 yank=1.29; 8169.699:v15 REJECT reason=floatBelowMin float=0.33; 8169.699:v15 CANDIDATE t0=8167.44 yank=2.42g quietAt=8168.95 B(abs)=n/a B(rel)=-7.86; 8169.701:v15 IMPACT pending=2.14g air=1.90"
-1785057793.551,"8171.698:v15 LANDING impact impact=4.77g air=1.98; 8169.422:JUMP(v15) FINAL h=2.05m src=ballistic air=1.98s dist=5.72m hFit=-1.0 hRel=-1.0 hBal=2.05 arcPts=0 yank=2.42g impact=4.77g float=0.49 rot=1.35 hard=true conf=50.0 latency=1.5s; 8171.703:v15 JUMP h=2.05m src=ballistic air=1.98s conf=0.50; 8171.703:v15 REJECT(open) reason=retriggerGuard"
-1785057788.543,"8176.698:v15 CANDIDATE t0=8174.85 yank=1.41g quietAt=8175.94 B(abs)=n/a B(rel)=n/a"
-1785057766.006,"8199.702:v15 IMPACT pending=2.07g air=24.57"
-1785057763.502,"8201.698:v15 LANDING impact impact=2.07g air=24.57; 8201.698:v15 REJECT reason=gateEntrySpeed vin=2.03; 8201.698:v15 REJECT reason=gateNoJumpEvidence dCrs=0.71 drop=1.02 yank=1.48; 8201.699:v15 REJECT reason=gateNoJumpEvidence dCrs=0.71 drop=1.02 yank=1.34; 8201.699:v15 REJECT reason=gateNoJumpEvidence dCrs=0.80 drop=1.01 yank=1.34; 8201.699:v15 REJECT reason=gateNoJumpEvidence dCrs=4.06 drop=1.00 yank=1.47; 8201.699:v15 REJECT reason=floatBelowMin float=0.32; 8201.700:v15 CANDIDATE t0=8199.42 yank=2.07g quietAt=8200.92 B(abs)=n/a B(rel)=-5.35"
-1785057760.997,"8204.700:v15 LANDING noRiseAbort-softClose impact=0.00g air=5.00"
-1785057759.745,"8205.700:v15 REJECT reason=gateNoJumpEvidence dCrs=6.21 drop=1.03 yank=2.07; 8205.700:v15 REJECT reason=gateNoJumpEvidence dCrs=8.30 drop=0.99 yank=1.31; 8205.701:v15 CANDIDATE t0=8201.56 yank=1.35g quietAt=8205.42 B(abs)=n/a B(rel)=-5.35"
-1785057758.493,"8207.696:v15 LANDING noRiseAbort-softClose impact=0.00g air=5.00"
-1785057757.241,"8208.696:v15 REJECT reason=floatBelowMin float=0.35; 8208.697:v15 CANDIDATE t0=8205.88 yank=1.42g quietAt=8207.57 B(abs)=n/a B(rel)=n/a"
-1785057745.937,"8220.694:v15 IMPACT pending=1.90g air=13.65"
-1785057743.433,"8221.697:v15 LANDING impact impact=1.90g air=13.65; 8221.697:v15 REJECT reason=gateNoJumpEvidence dCrs=0.73 drop=0.95 yank=1.42; 8221.698:v15 REJECT reason=gateNoJumpEvidence dCrs=0.90 drop=0.95 yank=1.49; 8221.698:v15 REJECT reason=gateNoJumpEvidence dCrs=0.42 drop=0.94 yank=1.51; 8221.698:v15 REJECT reason=gateNoJumpEvidence dCrs=2.13 drop=0.92 yank=1.45; 8221.699:v15 REJECT reason=gateNoJumpEvidence dCrs=0.76 drop=0.92 yank=1.46; 8221.699:v15 REJECT reason=gateNoJumpEvidence dCrs=1.32 drop=0.93 yank=1.22; 8221.699:v15 CANDIDATE t0=8219.52 yank=1.90g quietAt=8221.03 B(abs)=n/a B(rel)=-1.53"
-1785057740.929,"8225.691:v15 LANDING noRiseAbort-softClose impact=0.00g air=5.00"
-1785057738.425,"8226.698:v15 REJECT reason=gateNoJumpEvidence dCrs=1.26 drop=0.94 yank=1.90; 8226.698:v15 REJECT reason=gateNoJumpEvidence dCrs=1.86 drop=0.95 yank=1.50; 8226.699:v15 CANDIDATE t0=8223.10 yank=1.35g quietAt=8225.53 B(abs)=n/a B(rel)=n/a"
-1785057735.921,"8229.698:v15 IMPACT pending=1.96g air=5.87"
-1785057734.669,"8230.701:v15 LANDING impact impact=2.03g air=5.88; 8230.702:v15 REJECT reason=gateNoJumpEvidence dCrs=22.76 drop=0.92 yank=1.35; 8230.702:v15 RESCUE folded jump t0=8223.60 land=8229.03 air=5.42; 8229.026:JUMP(v15) FINAL h=1.48m src=ballistic air=5.42s dist=47.73m hFit=-1.0 hRel=-1.0 hBal=1.48 arcPts=2 yank=1.26g impact=1.93g float=0.38 rot=0.44 hard=true conf=50.0 latency=1.5s; 8230.707:v15 JUMP h=1.48m src=ballistic air=5.42s conf=0.50; 8230.707:v15 REJECT(open) reason=retriggerGuard"
-1785057729.660,"8235.702:v15 CANDIDATE t0=8234.60 yank=1.35g quietAt=8235.50 B(abs)=n/a B(rel)=n/a; 8236.698:v15 IMPACT pending=1.94g air=1.15"
-1785057727.156,"8237.700:v15 IMPACT discarded=2.30g — early mid-flight jolt (quiet resumed)"
-1785057725.904,"8239.699:v15 IMPACT pending=1.91g air=4.62"
-1785057724.652,"8241.697:v15 LANDING impact impact=1.91g air=4.62"
-1785057723.400,"8239.217:JUMP(v15) FINAL h=1.73m src=ballistic air=4.62s dist=17.68m hFit=-1.0 hRel=-1.0 hBal=1.73 arcPts=0 yank=1.35g impact=1.91g float=0.4 rot=0.84 hard=true conf=50.0 latency=1.5s; 8241.703:v15 JUMP h=1.73m src=ballistic air=4.62s conf=0.50"
-1785057717.140,"8248.700:v15 REJECT(open) reason=gpsSpeedBelowRiding spd=0.49"
-1785057715.887,"8249.699:v15 REJECT(open) reason=gpsSpeedBelowRiding spd=0.20"
-1785057714.635,"8250.699:v15 REJECT(open) reason=gpsSpeedBelowRiding spd=0.35"
-1785057710.879,"8254.699:v15 REJECT(open) reason=gpsSpeedBelowRiding spd=0.45"
-1785057709.627,"8255.701:v15 REJECT(open) reason=gpsSpeedBelowRiding spd=0.49"
-1785057707.123,"8258.700:v15 REJECT(open) reason=gpsSpeedBelowRiding spd=0.25"
-1785057703.367,"8262.697:v15 REJECT(open) reason=gpsSpeedBelowRiding spd=0.64"
-1785057702.115,"8263.698:v15 REJECT(open) reason=gpsSpeedBelowRiding spd=0.91"
-1785057698.358,"8266.699:v15 REJECT(open) reason=gpsSpeedBelowRiding spd=1.12"
-1785057697.096,"8267.693:v15 REJECT(open) reason=gpsSpeedBelowRiding spd=0.80"
-1785057689.584,"8275.693:v15 REJECT(open) reason=gpsSpeedBelowRiding spd=1.20"
-1785057687.080,"8278.755:v15 REJECT(open) reason=gpsSpeedBelowRiding spd=1.36; 8279.644:v15 BARO abs drop reason=degradedAccuracy acc=14.79"
-1785057685.827,"8279.695:v15 REJECT(open) reason=gpsSpeedBelowRiding spd=1.36"
-1785057682.071,"8282.698:v15 REJECT(open) reason=gpsSpeedBelowRiding spd=1.08"
-1785057679.567,"8285.697:v15 REJECT(open) reason=gpsSpeedBelowRiding spd=1.14; 8286.692:v15 REJECT(open) reason=gpsSpeedBelowRiding spd=1.31"
-1785057675.811,"8289.698:v15 REJECT(open) reason=gpsSpeedBelowRiding spd=1.25"
-1785057672.054,"8293.697:v15 REJECT(open) reason=gpsSpeedBelowRiding spd=1.29"
-1785057669.550,"8296.698:v15 REJECT(open) reason=gpsSpeedBelowRiding spd=0.21"
-1785057668.298,"8297.697:v15 REJECT(open) reason=gpsSpeedBelowRiding spd=0.16"
-1785057664.542,"8300.698:v15 REJECT(open) reason=gpsSpeedBelowRiding spd=0.25"
-1785057663.290,"8302.698:v15 REJECT(open) reason=gpsSpeedBelowRiding spd=0.27"
-1785057635.709,"8329.703:v15 REJECT(open) reason=gpsSpeedBelowRiding spd=0.18"
-1785057631.952,"8333.699:v15 REJECT(open) reason=gpsSpeedBelowRiding spd=0.21"
-1785057624.440,"8340.700:v15 REJECT(open) reason=gpsSpeedBelowRiding spd=0.06"
-1785057620.684,"8345.691:v15 REJECT(open) reason=gpsSpeedBelowRiding spd=0.32"
-1785057616.927,"8348.692:v15 REJECT(open) reason=gpsSpeedBelowRiding spd=0.28"
-1785057615.675,"8350.689:v15 REJECT(open) reason=gpsSpeedBelowRiding spd=0.12"
-1785057614.423,"8351.692:v15 REJECT(open) reason=gpsSpeedBelowRiding spd=0.24"
-1785057611.919,"8353.698:v15 REJECT(open) reason=gpsSpeedBelowRiding spd=0.48"
-1785057609.415,"8356.695:v15 REJECT(open) reason=gpsSpeedBelowRiding spd=0.46"
-1785057608.163,"8357.702:v15 REJECT(open) reason=gpsSpeedBelowRiding spd=0.28"
-1785057600.650,"8364.695:v15 REJECT(open) reason=gpsSpeedBelowRiding spd=0.02"
-1785057590.618,"8375.268:v15 SUMMARY absReceived=3303 absAccepted=1454 absNonMonotonicDropped=0 absWindowSize=60 relReceived=820; 8375.269:JumpDetector(v15) endSession flush lateJumps=0"
